id,mission_id,weather,soil_moisture,visibility,temperature_c,wind_kph
ENV-e4b73ec9,MISSION-FALSE-IDLE,Cloudy,0.35,good,33.0,5.9
ENV-03b5b684,MISSION-ON-TIME-LOW-QUALITY,Rainy,0.69,reduced,30.0,11.8
ENV-540c6e90,MISSION-OPERATOR-CONTEXT-MISMATCH,Rainy,0.7,reduced,15.6,18.4
ENV-a4babf32,MISSION-WHAT-IF-RECOVERY,Sunny,0.1,good,21.8,4.9
ENV-66c689fb,MSN-c00b09bf,Sunny,0.09,good,17.0,0.2
ENV-892b9c3d,MSN-7780d02a,Rainy,0.89,reduced,21.2,11.5
ENV-75473691,MSN-52045082,Sunny,0.09,good,20.8,8.0
ENV-62d49821,MSN-f27c965c,Cloudy,0.31,good,18.6,8.1
ENV-d01a6a4b,MSN-b665df93,Sunny,0.14,good,15.0,1.8
ENV-17c6de59,MSN-bacd24c6,Windy,0.34,good,18.2,44.0
ENV-6fbcf668,MSN-0dac383f,Rainy,0.76,reduced,32.9,15.5
ENV-903e21f1,MSN-3bcca257,Windy,0.21,good,20.6,42.2
ENV-5327e7f8,MSN-faa4821e,Cloudy,0.23,good,31.6,7.9
ENV-4a85f84d,MSN-5df7ed1b,Sunny,0.23,good,31.6,5.1
ENV-d52267d9,MSN-e35e47bd,Windy,0.23,reduced,28.1,39.9
ENV-2b539fb5,MSN-3e4d3b40,Windy,0.29,reduced,28.9,44.9
ENV-5e5c90ff,MSN-1c5a1b86,Sunny,0.18,good,23.3,9.0
ENV-ec7a377a,MSN-26e34d14,Sunny,0.21,good,30.0,2.3
ENV-2d484497,MSN-aa1b2895,Windy,0.33,reduced,19.9,44.3
ENV-1677e60d,MSN-5e3234b0,Sunny,0.23,good,32.3,5.6
ENV-539e6a16,MSN-3a22a49b,Cloudy,0.31,good,31.1,14.5
ENV-d8dde450,MSN-994fd936,Sunny,0.08,good,14.1,9.0
ENV-b7599edc,MSN-1f2ca382,Windy,0.34,good,30.9,45.0
ENV-202ca885,MSN-b4edaff6,Cloudy,0.22,good,27.3,9.3
ENV-8028118a,MSN-9914e8e7,Sunny,0.2,good,30.1,5.7
ENV-ec8ba5cf,MSN-d51fd8af,Sunny,0.14,good,20.2,1.6
ENV-190fb869,MSN-bfc8d238,Rainy,0.77,reduced,21.6,7.6
ENV-ac825272,MSN-1d8ca37a,Cloudy,0.28,good,17.4,8.3
ENV-b24cd819,MSN-aa992a84,Cloudy,0.31,good,26.6,9.7
ENV-888b97d4,MSN-a2bb6b29,Cloudy,0.45,good,26.9,5.8
ENV-8f15ce87,MSN-d33a09a5,Rainy,0.81,reduced,21.5,9.6
ENV-c69450fa,MSN-56c82220,Rainy,0.82,poor,17.2,10.7
ENV-74318317,MSN-ca4d73f0,Windy,0.26,good,30.0,41.3
ENV-824f6baa,MSN-da2414a2,Sunny,0.25,good,14.6,3.7
ENV-4cbb912f,MSN-98d95fea,Sunny,0.18,good,15.3,6.2
ENV-b3d8b53e,MSN-a7fa0392,Sunny,0.18,good,25.6,1.0
ENV-6fcc0f11,MSN-88ef3867,Windy,0.24,reduced,31.9,39.9
ENV-41f5094a,MSN-9d025384,Sunny,0.08,good,29.6,6.1
ENV-a0976c8d,MSN-df0eba6e,Sunny,0.22,good,32.0,4.5
ENV-415de386,MSN-f91769cb,Rainy,0.88,poor,31.7,6.9
ENV-a4a5e9cf,MSN-583b7a6c,Sunny,0.1,good,25.0,6.4
ENV-17573159,MSN-e69b1bf0,Rainy,0.76,reduced,20.3,14.1
ENV-7e16d0d8,MSN-a5a689de,Cloudy,0.25,good,15.0,8.5
ENV-64e9b024,MSN-24af89ab,Cloudy,0.33,good,14.9,10.0
ENV-a115cfa3,MSN-00cb916f,Windy,0.25,reduced,27.6,28.0
ENV-e5a7e446,MSN-9837e276,Cloudy,0.27,good,33.6,14.4
ENV-a18d16ac,MSN-81d663d7,Sunny,0.18,good,26.8,5.3
ENV-98047d1a,MSN-7329f41c,Windy,0.34,reduced,14.2,42.5
ENV-ed94720f,MSN-da4e782c,Sunny,0.05,good,22.9,3.8
ENV-7559abd0,MSN-5c6c8800,Sunny,0.1,good,31.5,7.5
ENV-ffd0e477,MSN-fd4ec0c9,Cloudy,0.21,good,14.1,7.5
ENV-47202757,MSN-265a2cd1,Sunny,0.09,good,24.6,5.4
ENV-2e284c36,MSN-a45904f6,Sunny,0.2,good,18.7,4.0
ENV-c7065c03,MSN-2aed8567,Rainy,0.66,poor,31.0,12.1
ENV-a6b87dc5,MSN-068a19c2,Sunny,0.07,good,23.6,10.0
ENV-94be3ac4,MSN-ab6f00e3,Sunny,0.18,good,19.1,6.8
ENV-66bccdd9,MSN-1d1374b0,Sunny,0.05,good,14.2,5.5
ENV-db65e838,MSN-4a9f2699,Sunny,0.13,good,15.1,5.5
ENV-f1084379,MSN-b7f27d6f,Windy,0.32,reduced,24.8,38.5
ENV-3c186855,MSN-4a809078,Cloudy,0.35,good,28.3,13.0
ENV-7c28ee50,MSN-a50081ee,Windy,0.31,good,17.4,36.4
ENV-b03530b8,MSN-48afce5e,Windy,0.34,reduced,27.9,30.8
ENV-8e39797c,MSN-4af9ac14,Rainy,0.83,poor,21.5,11.3
ENV-f879d1df,MSN-5a147e1a,Windy,0.17,good,24.4,35.2
ENV-d0b689c5,MSN-d5da1c54,Cloudy,0.21,good,14.5,12.1
ENV-c7884673,MSN-cca56978,Sunny,0.1,good,24.6,8.6
ENV-dd273c68,MSN-0e531393,Sunny,0.08,good,17.7,2.9
ENV-45db048d,MSN-ab911c4a,Rainy,0.64,poor,21.3,17.3
ENV-6acdb668,MSN-5124e195,Cloudy,0.44,good,25.5,7.9
ENV-13e542f7,MSN-6531ef32,Cloudy,0.41,good,33.4,5.9
ENV-7041e3b6,MSN-03ddddf8,Windy,0.21,reduced,21.2,26.9
ENV-7b49aa8b,MSN-4ef40d62,Windy,0.35,good,25.3,26.4
ENV-5991b629,MSN-e3250ca1,Cloudy,0.32,good,24.0,6.1
ENV-716dca88,MSN-08886cd1,Rainy,0.79,poor,15.7,7.3
ENV-f6680a72,MSN-6b16ba9f,Sunny,0.24,good,29.7,5.2
ENV-469dd701,MSN-56fee91a,Sunny,0.09,good,14.7,9.6
ENV-fc133bb0,MSN-13cd0044,Cloudy,0.43,good,18.9,12.6
ENV-bfcee41a,MSN-7a3f7cad,Cloudy,0.35,good,27.2,5.6
ENV-87773e0a,MSN-e1bfb11d,Rainy,0.65,poor,21.1,8.7
ENV-2ed1dbb7,MSN-fab20d4f,Rainy,0.93,reduced,25.5,7.5
ENV-3e4dd693,MSN-f6b91c86,Sunny,0.12,good,23.7,5.4
ENV-02e0ed53,MSN-2ce04c21,Rainy,0.66,poor,28.8,9.8
ENV-eaa6e69e,MSN-3dabeb96,Rainy,0.85,poor,16.0,10.9
ENV-4e76ac82,MSN-1c55647f,Windy,0.22,reduced,31.7,28.4
ENV-2c1a1b52,MSN-b551307c,Rainy,0.69,reduced,17.4,6.1
ENV-ee714c6f,MSN-e82637ea,Sunny,0.07,good,26.8,2.1
ENV-62ffaf1c,MSN-d3f41657,Rainy,0.7,reduced,28.3,18.5
ENV-2460d81c,MSN-ca4b2e71,Sunny,0.13,good,19.5,3.3
ENV-f5a4dbad,MSN-2c851170,Sunny,0.23,good,18.8,3.3
ENV-97b94273,MSN-5aee905d,Windy,0.25,good,28.2,26.3
ENV-57de6a53,MSN-6a24a6d5,Rainy,0.62,poor,18.3,16.7
ENV-2499b022,MSN-be402e9a,Cloudy,0.23,good,33.8,5.6
ENV-97145b9d,MSN-1f519a61,Rainy,0.89,poor,16.0,7.7
ENV-69abbe09,MSN-a775ea1c,Sunny,0.13,good,32.1,5.7
ENV-919f58ff,MSN-1b21593a,Sunny,0.23,good,24.6,7.6
ENV-b06386d8,MSN-ec42fa88,Sunny,0.2,good,28.7,1.3
ENV-97e6bd99,MSN-29542d5a,Cloudy,0.4,good,26.2,10.0
ENV-e6e5b3e6,MSN-d66f6240,Sunny,0.21,good,28.8,3.1
ENV-37230096,MSN-27fa760f,Sunny,0.17,good,26.2,7.8
ENV-5b009d76,MSN-472a81e6,Sunny,0.24,good,23.4,5.1
ENV-c37b8b0b,MSN-b91ead10,Sunny,0.24,good,31.8,6.4
ENV-87a85416,MSN-5262ef18,Rainy,0.89,poor,16.1,15.8
ENV-0a9faaef,MSN-8c9ea972,Rainy,0.83,poor,24.1,18.2
ENV-41cc6e05,MSN-0760bb85,Cloudy,0.32,good,27.3,10.7
ENV-41342e06,MSN-3825c907,Sunny,0.13,good,33.5,9.6
ENV-cbf57c7e,MSN-b7227a9e,Sunny,0.14,good,16.6,5.6
ENV-c59b4578,MSN-95f8f14f,Cloudy,0.29,good,26.8,7.4
ENV-7f957f3e,MSN-450186af,Windy,0.28,good,22.5,42.3
ENV-baeffa8c,MSN-c085a9cf,Sunny,0.21,good,15.7,3.0
ENV-bfbe6d76,MSN-775c6fe8,Cloudy,0.2,good,24.7,11.0
ENV-4cf36767,MSN-b6be6309,Cloudy,0.36,good,26.4,6.0
ENV-5ba8adf8,MSN-f9270c4c,Rainy,0.81,reduced,16.8,17.9
ENV-210c9f52,MSN-1f2e78fd,Rainy,0.66,poor,33.4,14.9
ENV-2ad831e8,MSN-386b8bc2,Cloudy,0.29,good,32.0,10.9
ENV-b6c4f39f,MSN-0158522a,Sunny,0.08,good,16.7,5.9
ENV-686a9840,MSN-067d6ee7,Sunny,0.19,good,23.1,3.4
ENV-ba68aba0,MSN-9b3ad2c7,Cloudy,0.43,good,29.4,9.8
ENV-9825a51f,MSN-15997d5a,Rainy,0.65,poor,19.2,13.8
ENV-1703fc84,MSN-819d4dfa,Rainy,0.6,reduced,23.4,17.3
ENV-556bed22,MSN-8cbf1c2b,Cloudy,0.26,good,17.1,5.0
ENV-c40fd781,MSN-3ce2b841,Cloudy,0.23,good,19.9,5.7
ENV-39ccf3ad,MSN-484a68da,Rainy,0.89,reduced,22.0,9.3
ENV-6c74ca95,MSN-e80f88ce,Cloudy,0.45,good,19.6,14.2
ENV-058fa082,MSN-519855e1,Sunny,0.13,good,21.3,7.5
ENV-ef455c5c,MSN-d88e5a73,Sunny,0.19,good,30.3,0.6
ENV-aed028d5,MSN-3bd12c75,Windy,0.17,reduced,20.3,29.6
ENV-a0366cf8,MSN-c9863e07,Sunny,0.24,good,18.6,3.9
ENV-3fb3c554,MSN-80df832f,Rainy,0.69,reduced,24.5,5.2
ENV-a0a1ded9,MSN-2013d86f,Rainy,0.67,reduced,19.8,7.7
ENV-8515aa78,MSN-b2606096,Rainy,0.93,reduced,21.8,9.0
ENV-5fb460c9,MSN-b70797bf,Cloudy,0.36,good,31.8,7.0
ENV-bd34a9b8,MSN-2383924c,Rainy,0.71,poor,29.1,16.8
ENV-3dd56893,MSN-e0f0cfec,Sunny,0.17,good,15.3,3.2
ENV-67fb43aa,MSN-95130d29,Rainy,0.68,poor,32.6,6.1
ENV-f0a0e699,MSN-cf683e70,Cloudy,0.36,good,29.0,6.8
ENV-6475f173,MSN-04236f81,Cloudy,0.31,good,28.5,9.0
ENV-18114269,MSN-6d05324c,Sunny,0.21,good,22.0,0.9
ENV-59f756cc,MSN-00f5ac09,Sunny,0.16,good,28.0,3.3
ENV-5fdc2909,MSN-350642e1,Cloudy,0.22,good,20.5,12.8
ENV-4f93778e,MSN-f9244482,Sunny,0.05,good,24.8,2.1
ENV-1307e9d4,MSN-e21264f0,Sunny,0.22,good,17.7,5.3
ENV-8bcffd26,MSN-ad9bac65,Sunny,0.2,good,27.6,5.2
ENV-5840902f,MSN-352cd0a7,Cloudy,0.38,good,31.6,12.7
ENV-1a9076ed,MSN-01120204,Cloudy,0.32,good,18.5,6.6
ENV-88602d7e,MSN-967eb4cd,Cloudy,0.31,good,31.6,13.8
ENV-35d25b56,MSN-b987463f,Sunny,0.17,good,24.9,8.9
ENV-abb53e9b,MSN-1cad3fbc,Sunny,0.22,good,28.2,1.8
ENV-2e56ee9c,MSN-f201a9aa,Sunny,0.11,good,30.4,6.3
ENV-3656b48e,MSN-79eeb2af,Windy,0.33,good,30.9,40.2
ENV-898520c7,MSN-86affa2a,Cloudy,0.26,good,17.9,7.9
ENV-eed2b7d4,MSN-2405c65c,Sunny,0.12,good,27.4,3.4
ENV-06f45b61,MSN-885ac370,Rainy,0.64,reduced,20.3,15.6
ENV-666845c4,MSN-41b4ef24,Rainy,0.61,reduced,24.4,15.7
ENV-4d079391,MSN-758f75e5,Cloudy,0.42,good,15.0,10.4
ENV-50ef9217,MSN-8081cce2,Sunny,0.23,good,31.2,3.3
ENV-dcc1a23f,MSN-7bd9f7d5,Sunny,0.09,good,22.6,6.9
ENV-2544b069,MSN-a7634743,Sunny,0.08,good,21.8,5.3
ENV-c7ff2357,MSN-b7194c7c,Windy,0.21,reduced,22.7,33.1
ENV-146b5072,MSN-6fcdd937,Cloudy,0.26,good,14.1,9.2
ENV-051fbe28,MSN-c6e70e93,Sunny,0.06,good,29.6,3.4
ENV-9e06bda4,MSN-a1ae2bd0,Sunny,0.17,good,19.1,2.8
ENV-4cf277a3,MSN-f441cef7,Sunny,0.14,good,23.5,4.8
ENV-a8f1d0c8,MSN-035e7900,Sunny,0.19,good,25.0,1.8
ENV-adf4dd1f,MSN-d16bfc8a,Sunny,0.09,good,27.2,2.9
ENV-d98f9bdc,MSN-53d683c2,Cloudy,0.35,good,22.8,6.1
ENV-0af2509e,MSN-8f6c8708,Sunny,0.11,good,33.9,0.6
ENV-9f920cbb,MSN-e149daf1,Sunny,0.06,good,20.2,5.4
ENV-1c458bee,MSN-78b1612b,Sunny,0.17,good,15.3,8.4
ENV-eede7600,MSN-61a4eeef,Sunny,0.05,good,15.8,1.8
ENV-3272a7d3,MSN-5e47fa04,Cloudy,0.29,good,24.8,12.6
ENV-76de6832,MSN-19f094cf,Cloudy,0.37,good,29.6,8.3
ENV-89eb5c52,MSN-c1bcb2c5,Rainy,0.9,reduced,29.2,11.3
ENV-319b9353,MSN-fae221a5,Sunny,0.13,good,27.9,8.1
ENV-d76cdebd,MSN-045d1394,Windy,0.16,reduced,28.0,40.1
ENV-56939e93,MSN-35a046a4,Sunny,0.06,good,23.7,3.5
ENV-4242313b,MSN-3e402f5b,Cloudy,0.21,good,30.7,13.0
ENV-e1e7d01b,MSN-38fa6491,Windy,0.34,good,16.3,28.2
ENV-481f637a,MSN-ac02185c,Windy,0.34,good,28.6,41.0
ENV-31e13c5f,MSN-774bb1a9,Rainy,0.71,poor,15.1,12.7
ENV-bc7dad26,MSN-373e8b37,Cloudy,0.45,good,20.7,10.3
ENV-be2cb563,MSN-718d1f16,Sunny,0.24,good,23.5,8.3
ENV-b2a77abf,MSN-6a0d6e11,Sunny,0.11,good,16.7,8.8
ENV-3379219d,MSN-1f1cb607,Sunny,0.08,good,29.6,2.8
ENV-56841a7e,MSN-529c14c4,Rainy,0.94,reduced,29.7,15.4
ENV-271c7e68,MSN-0a499d95,Rainy,0.89,reduced,28.3,12.9
ENV-f040e085,MSN-ecfdaca4,Sunny,0.12,good,28.4,2.9
ENV-2c8fcde7,MSN-061f4227,Cloudy,0.29,good,18.0,7.0
ENV-1b8a05ea,MSN-cad19889,Sunny,0.24,good,28.8,0.3
ENV-93645963,MSN-4c5fb762,Windy,0.19,reduced,17.3,42.7
ENV-5c44f7f1,MSN-8a52b583,Sunny,0.12,good,19.0,6.6
ENV-9a008c9f,MSN-b55b515c,Sunny,0.15,good,29.7,8.5
ENV-362e4a26,MSN-d7efd548,Windy,0.34,reduced,26.8,30.4
ENV-35e3ec8c,MSN-3437a418,Sunny,0.07,good,18.9,1.9
ENV-02bea7f0,MSN-f9083804,Sunny,0.2,good,24.4,9.3
ENV-4101ec07,MSN-b6cc6a4d,Cloudy,0.32,good,20.2,8.7
ENV-fdd7f08b,MSN-4f85c8e2,Windy,0.2,good,17.2,42.2
ENV-6c211259,MSN-3b8ca280,Cloudy,0.21,good,26.8,5.5
ENV-70a364fd,MSN-6fe9e0d6,Sunny,0.24,good,26.9,9.2
ENV-b56f7e49,MSN-81b16d2e,Sunny,0.08,good,26.0,8.6
ENV-b6d83b16,MSN-c374a6d5,Cloudy,0.33,good,33.6,8.8
ENV-e8e21224,MSN-4bf62229,Windy,0.32,reduced,17.0,26.1
ENV-47250fa2,MSN-106e54f6,Rainy,0.87,reduced,15.5,11.2
ENV-d4b6dbd7,MSN-ee502ea6,Sunny,0.2,good,26.0,5.5
ENV-2394872e,MSN-0c13e22d,Rainy,0.91,reduced,26.0,9.0
