id,machine_id,engine_hours,health_pct,hydraulic_health_pct,recent_fault_count,recorded_at
MH-3791dfda,EXC-100,4894.696648731395,88.2,85.7,0,2026-09-01T08:00:00
MH-892af363,DOZ-201,237.6928061327539,84.6,76.7,0,2026-09-01T08:00:00
MH-01c02872,EXC-102,4873.751660630286,92.0,88.9,0,2026-09-01T08:00:00
MH-288d8404,DOZ-203,4249.208490931716,92.0,85.6,0,2026-09-01T08:00:00
MH-300b8baa,EXC-100,4895.860801741551,87.3,81.9,0,2026-09-06T15:00:00
MH-603ca723,DOZ-205,1101.781098908333,85.4,81.7,0,2026-09-10T08:00:00
MH-a0aaa75c,DOZ-205,1102.7331449463825,85.3,79.7,0,2026-09-11T18:00:00
MH-d2a6ac07,DOZ-205,1103.3638247018528,84.1,81.5,0,2026-09-16T08:00:00
MH-90a034b4,EXC-104,2173.452995804353,83.2,79.4,0,2026-09-11T14:00:00
MH-f1613da6,EXC-104,2174.1718068567443,77.4,72.1,0,2026-09-14T09:00:00
MH-3b3e385a,EXC-104,2175.0096358703554,79.7,75.8,0,2026-09-04T00:00:00
MH-71b484d8,DOZ-205,1104.0188430466064,83.8,81.5,0,2026-09-08T11:00:00
MH-67840b0e,DOZ-203,4250.136543008405,90.5,90.2,0,2026-09-13T02:00:00
MH-fad79919,EXC-102,4875.389412000372,97.7,95.5,0,2026-09-05T10:00:00
MH-bd1457cc,EXC-106,5751.835818799331,92.5,89.4,0,2026-09-17T22:00:00
MH-a30f76fa,DOZ-201,238.57417474523223,82.7,81.9,0,2026-09-14T20:00:00
MH-b53009c2,EXC-104,2176.2408627488408,78.0,73.6,0,2026-09-06T19:00:00
MH-efb33d3b,EXC-100,4896.357137604143,88.0,86.5,0,2026-09-07T11:00:00
MH-a9306404,EXC-104,2177.987135582824,82.7,76.2,0,2026-09-06T20:00:00
MH-ee8d6a6a,DOZ-207,2152.2483616532354,79.1,78.6,0,2026-09-14T14:00:00
MH-71b2e502,EXC-100,4897.0485795775185,87.1,81.6,0,2026-09-06T00:00:00
MH-8f942135,DOZ-203,4250.833802864831,93.5,92.3,0,2026-09-17T21:00:00
MH-e61bf572,EXC-104,2179.8104109057026,79.1,78.3,0,2026-09-15T02:00:00
MH-6bc72a05,EXC-106,5752.835080877897,89.0,87.7,0,2026-09-16T22:00:00
MH-bd3b3960,DOZ-205,1104.7650879207804,85.0,77.2,0,2026-09-03T19:00:00
MH-233cc8ec,DOZ-203,4252.475669532258,89.2,81.7,0,2026-09-10T07:00:00
MH-2e739a7d,DOZ-205,1105.3797286795498,83.9,79.9,0,2026-09-01T12:00:00
MH-fd4fac07,EXC-106,5753.779240944597,90.0,89.1,0,2026-09-17T06:00:00
MH-6d5a9a94,DOZ-205,1106.785231953564,84.7,79.9,0,2026-09-04T14:00:00
MH-e5f66f7c,DOZ-207,2152.824093856549,77.6,72.0,0,2026-09-08T16:00:00
MH-6c74a401,EXC-104,2180.858058668109,82.1,75.5,0,2026-09-04T03:00:00
MH-e3d50fc4,EXC-100,4898.969725405844,92.9,86.8,0,2026-09-17T17:00:00
MH-e51c67a0,EXC-104,2183.1670630436797,76.8,74.8,0,2026-09-12T02:00:00
MH-b95a68c4,DOZ-205,1108.48454777042,85.7,79.0,0,2026-09-09T14:00:00
MH-5f5c0afa,EXC-100,4901.146510669138,93.0,89.0,0,2026-09-10T07:00:00
MH-943cdda5,DOZ-205,1109.2098475531864,84.3,83.3,0,2026-09-17T00:00:00
MH-9508b4e9,EXC-104,2185.1206293552136,78.8,71.0,0,2026-09-09T05:00:00
MH-584cdd79,DOZ-205,1110.3753596410575,78.6,78.0,0,2026-09-02T00:00:00
MH-a144acc5,DOZ-203,4253.771544153959,90.2,89.5,0,2026-09-04T06:00:00
MH-46564c55,DOZ-205,1111.4682656671641,78.8,75.6,0,2026-09-11T08:00:00
MH-d824b7b1,DOZ-205,1112.7517766756068,79.3,76.9,0,2026-09-03T01:00:00
MH-b09f403e,DOZ-207,2153.6624323507763,83.1,77.2,0,2026-09-11T16:00:00
MH-8c4c4e12,EXC-106,5755.5445827729245,89.9,82.9,0,2026-09-06T12:00:00
MH-fcc386fc,EXC-102,4876.138860996926,91.9,89.2,0,2026-09-14T05:00:00
MH-158dcc13,DOZ-203,4255.4390540800205,86.9,79.3,0,2026-09-13T19:00:00
MH-ece330bb,DOZ-203,4256.0513954253065,92.8,87.1,0,2026-09-13T06:00:00
MH-9fc0d552,DOZ-203,4256.638719005319,87.0,83.7,0,2026-09-02T10:00:00
MH-0f281929,DOZ-207,2155.5266309202475,81.9,81.0,0,2026-09-17T08:00:00
MH-d3fab148,DOZ-207,2156.9130458601703,79.5,76.8,0,2026-09-06T16:00:00
MH-a50fcecf,DOZ-207,2158.1005558066836,78.0,74.4,0,2026-09-17T15:00:00
MH-7bb3a43e,DOZ-207,2159.7349510679023,79.1,78.5,0,2026-09-16T19:00:00
MH-34c9e2ba,EXC-102,4876.841773776518,96.6,94.8,0,2026-09-03T21:00:00
MH-a787cd24,DOZ-207,2160.431250247949,79.1,72.1,0,2026-09-06T14:00:00
MH-336cd709,EXC-102,4877.559112042147,93.2,87.5,0,2026-09-09T09:00:00
MH-5e707ace,DOZ-203,4257.149237336677,88.5,83.7,0,2026-09-17T04:00:00
MH-03ab35a5,DOZ-203,4257.681677718973,93.2,85.4,0,2026-09-13T02:00:00
MH-6bf94d55,DOZ-207,2161.6978252902336,81.6,79.4,0,2026-09-01T17:00:00
MH-101c22b2,EXC-100,4901.700753088067,86.4,85.0,0,2026-09-10T00:00:00
MH-7f7a7b14,EXC-102,4878.312367118009,93.8,87.9,0,2026-09-13T11:00:00
MH-f7fcd743,EXC-106,5756.175480352508,86.6,85.4,0,2026-09-17T20:00:00
MH-8b4ba2c6,EXC-104,2186.536660278611,78.8,77.7,0,2026-09-09T15:00:00
MH-74c1e273,DOZ-207,2162.3585875418435,81.2,76.6,0,2026-09-05T03:00:00
MH-2fe7e36b,EXC-104,2187.480543848004,79.3,74.5,0,2026-09-06T18:00:00
MH-2907058d,EXC-106,5756.867674907384,90.6,86.0,0,2026-09-01T14:00:00
MH-05c54339,DOZ-205,1113.786056905272,81.0,80.1,0,2026-09-07T18:00:00
MH-c3a31c36,DOZ-203,4258.756617431453,91.7,86.9,0,2026-09-03T19:00:00
MH-a4bc2937,DOZ-207,2164.447581855719,84.1,79.1,0,2026-09-13T05:00:00
MH-fefa1bc7,DOZ-207,2166.1671191859587,83.9,83.6,0,2026-09-13T14:00:00
MH-990e6b8a,EXC-104,2188.5223769704085,83.3,79.2,0,2026-09-08T06:00:00
MH-e0761726,DOZ-205,1115.0607908616514,83.4,77.8,0,2026-09-17T21:00:00
MH-6b28e05f,DOZ-203,4260.403862434317,87.3,81.9,0,2026-09-15T05:00:00
MH-5cc9af58,EXC-106,5757.523969237767,90.8,89.5,0,2026-09-15T01:00:00
MH-a55e9d51,EXC-104,2189.960812969836,80.5,76.2,0,2026-09-06T11:00:00
MH-16570e05,EXC-106,5758.196963657309,86.6,79.2,0,2026-09-15T00:00:00
MH-fcfa2b25,EXC-100,4902.55174962198,92.0,90.7,0,2026-09-11T23:00:00
MH-213964d3,DOZ-205,1115.7313154359613,84.7,79.0,0,2026-09-04T13:00:00
MH-5f026a82,DOZ-207,2167.251007878662,77.4,74.1,0,2026-09-17T00:00:00
MH-83e81293,EXC-102,4879.068470581462,91.8,89.5,0,2026-09-02T23:00:00
MH-43b6a18a,EXC-100,4903.342848057175,90.4,85.0,0,2026-09-08T08:00:00
MH-870d07af,DOZ-205,1117.0885184758151,84.9,81.7,0,2026-09-02T06:00:00
MH-e49b4191,EXC-100,4904.247692891471,93.6,89.6,0,2026-09-16T14:00:00
MH-074ce7cb,EXC-106,5760.719610462245,88.8,84.1,0,2026-09-05T01:00:00
MH-01258696,DOZ-205,1117.9978714714523,80.7,79.6,0,2026-09-09T08:00:00
MH-3d4cb556,DOZ-205,1119.264558268718,79.0,73.3,0,2026-09-06T10:00:00
MH-77c15703,EXC-104,2191.797111153636,78.7,72.9,0,2026-09-08T04:00:00
MH-214e8c85,EXC-104,2193.71012346862,83.5,79.7,0,2026-09-05T15:00:00
MH-32a685dd,DOZ-207,2168.2769886565693,81.3,74.1,0,2026-09-11T12:00:00
MH-823be37d,DOZ-201,239.40943978995273,82.9,75.9,0,2026-09-13T05:00:00
MH-17b0dda8,EXC-106,5762.184208967668,91.9,84.6,0,2026-09-09T19:00:00
MH-2a53fb4e,DOZ-207,2169.139141210208,80.5,74.3,0,2026-09-02T13:00:00
MH-2e9fdfe1,EXC-104,2194.3123656476037,77.5,75.7,0,2026-09-09T14:00:00
MH-e0ee80ef,EXC-104,2195.1693456871667,80.8,74.0,0,2026-09-15T23:00:00
MH-50d09896,DOZ-205,1120.7401721561146,79.3,77.2,0,2026-09-05T00:00:00
MH-f458d0a3,EXC-102,4880.215657456536,94.4,91.9,0,2026-09-08T16:00:00
MH-8d94d6f0,DOZ-203,4261.562384923761,86.7,86.7,0,2026-09-01T16:00:00
MH-b28ca4e5,EXC-100,4905.81073241467,91.0,89.6,0,2026-09-06T03:00:00
MH-3c950964,DOZ-201,239.99289833676175,85.5,78.8,0,2026-09-03T19:00:00
MH-3b03081c,EXC-100,4906.835810009785,87.0,81.0,0,2026-09-09T01:00:00
MH-c998f08e,DOZ-207,2170.385655578657,84.2,77.2,0,2026-09-05T05:00:00
MH-fbfce147,EXC-100,4908.072883216373,90.2,88.9,0,2026-09-15T02:00:00
MH-65c9dbe3,EXC-100,4908.79263327973,90.8,85.5,0,2026-09-14T06:00:00
MH-f6da0e1c,EXC-102,4880.891605622205,95.6,94.1,0,2026-09-04T08:00:00
MH-2dc40597,EXC-102,4881.783690833829,93.8,86.0,0,2026-09-09T15:00:00
MH-f366ddfa,DOZ-201,241.20822470489642,82.6,76.6,0,2026-09-13T08:00:00
MH-fd8aae19,EXC-104,2196.3821783401377,78.2,73.8,0,2026-09-09T12:00:00
MH-dd8aa649,DOZ-201,242.22896906756927,83.9,81.9,0,2026-09-02T05:00:00
MH-f3d06eb0,EXC-100,4909.586274456708,93.6,91.7,0,2026-09-15T15:00:00
MH-56ba0391,EXC-100,4911.362132671861,87.1,82.8,0,2026-09-05T20:00:00
MH-175a3206,DOZ-205,1122.417312779485,84.4,80.9,0,2026-09-07T13:00:00
MH-321b5252,EXC-102,4882.973907559718,98.3,95.9,0,2026-09-02T06:00:00
MH-348b9d80,DOZ-205,1124.1028888340861,85.5,82.9,0,2026-09-15T16:00:00
MH-7a58d004,DOZ-201,243.5793658700761,83.5,81.4,0,2026-09-15T03:00:00
MH-ed65ab8e,EXC-102,4884.1408945400035,96.6,92.8,0,2026-09-04T18:00:00
MH-00fb04bd,EXC-102,4886.143664630582,91.4,89.4,0,2026-09-15T07:00:00
MH-829f4144,EXC-100,4912.288820657557,90.4,83.3,0,2026-09-02T07:00:00
MH-2dc67079,EXC-102,4886.676550219573,95.5,93.6,0,2026-09-04T22:00:00
MH-4b3122bc,EXC-100,4913.8861998324655,89.1,82.6,0,2026-09-06T06:00:00
MH-d54d6aa8,EXC-106,5762.832786408525,90.2,85.7,0,2026-09-03T15:00:00
MH-161a824d,EXC-102,4888.385236600191,95.6,94.9,0,2026-09-14T22:00:00
MH-80ca9f07,EXC-102,4890.656271538689,98.7,92.5,0,2026-09-09T01:00:00
MH-ce3cf20a,EXC-102,4892.432986044883,98.3,91.9,0,2026-09-12T04:00:00
MH-aa414cdb,DOZ-205,1125.9332048027413,84.3,81.5,0,2026-09-16T07:00:00
MH-4f6bfa52,EXC-104,2198.133984872705,77.5,72.9,0,2026-09-05T06:00:00
MH-dee24a95,DOZ-207,2171.181498261464,80.5,76.9,0,2026-09-05T20:00:00
MH-739453ba,EXC-100,4914.65215785887,90.1,85.1,0,2026-09-03T11:00:00
MH-832dc666,EXC-106,5763.974176849914,88.3,86.2,0,2026-09-02T21:00:00
MH-6bce9a26,EXC-102,4893.099011272097,96.7,93.1,0,2026-09-15T08:00:00
MH-e521c39f,EXC-104,2198.922148782543,81.8,80.7,0,2026-09-10T04:00:00
MH-9ec9c044,EXC-104,2200.254314659496,80.8,75.9,0,2026-09-10T04:00:00
MH-245c3343,DOZ-205,1127.1052905402175,82.6,81.2,0,2026-09-17T09:00:00
MH-c05c790e,DOZ-201,244.5611123175363,86.1,84.4,0,2026-09-11T15:00:00
MH-2684e5c7,EXC-102,4894.323589844256,97.2,93.7,0,2026-09-06T08:00:00
MH-17a01687,EXC-100,4915.184033132192,94.0,87.5,0,2026-09-17T22:00:00
MH-06d16152,EXC-104,2202.3330629471297,77.4,73.5,0,2026-09-09T04:00:00
MH-bb6c11b8,DOZ-203,4262.2582906188545,89.9,89.1,0,2026-09-13T12:00:00
MH-4fe6c7fe,EXC-104,2203.196257917568,83.6,78.8,0,2026-09-11T00:00:00
MH-bde4260a,DOZ-203,4263.183915500041,93.9,88.1,0,2026-09-06T20:00:00
MH-616c9c16,EXC-100,4916.965581137006,87.5,82.1,0,2026-09-12T21:00:00
MH-213c2506,DOZ-203,4263.973396616615,94.0,93.3,0,2026-09-06T13:00:00
MH-3eb842d7,EXC-104,2204.9889546449826,77.4,73.2,0,2026-09-11T10:00:00
MH-ef146a97,DOZ-201,245.39398367456337,83.2,79.6,0,2026-09-11T17:00:00
MH-ff6161cc,EXC-106,5764.820653057115,92.9,87.4,0,2026-09-03T05:00:00
MH-2152a273,EXC-102,4895.476925559013,94.1,90.8,0,2026-09-04T11:00:00
MH-31c6f957,EXC-102,4897.34965238347,94.0,86.3,0,2026-09-11T20:00:00
MH-7c01841c,EXC-100,4917.698001313194,88.2,83.9,0,2026-09-11T00:00:00
MH-c1168d8c,DOZ-201,246.10202834969664,82.4,79.8,0,2026-09-17T23:00:00
MH-ab93f97e,DOZ-205,1128.099201018335,81.6,79.2,0,2026-09-04T20:00:00
MH-62ee3cef,EXC-100,4918.436659306556,87.9,86.5,0,2026-09-13T01:00:00
MH-c61c6d3b,EXC-104,2205.5096573111696,76.2,72.5,0,2026-09-09T05:00:00
MH-e9fc13cc,DOZ-207,2173.094739956092,78.3,74.5,0,2026-09-14T09:00:00
MH-b7cae472,EXC-100,4919.0088196751985,93.6,87.2,0,2026-09-05T12:00:00
MH-8de6fbfb,EXC-106,5765.370945653691,86.2,82.9,0,2026-09-14T01:00:00
MH-51630f5e,EXC-102,4899.153737197249,90.8,83.3,0,2026-09-16T19:00:00
MH-816144b5,DOZ-201,246.8975056868318,79.5,72.2,0,2026-09-14T10:00:00
MH-29df7228,EXC-106,5767.687000198531,88.6,84.7,0,2026-09-16T07:00:00
MH-a3a69582,EXC-106,5769.4434732820655,93.8,89.3,0,2026-09-08T15:00:00
MH-a554efc1,EXC-100,4919.481550962322,90.9,89.3,0,2026-09-15T11:00:00
MH-d85b782c,EXC-106,5771.047211234801,87.6,86.3,0,2026-09-14T17:00:00
MH-188191ff,DOZ-207,2173.9054988293396,81.3,75.5,0,2026-09-08T22:00:00
MH-73ebcf06,DOZ-201,247.67208283217403,83.0,78.9,0,2026-09-14T10:00:00
MH-383241f4,EXC-104,2206.293079835462,81.7,76.8,0,2026-09-04T04:00:00
MH-b41d5670,DOZ-201,249.31998393169062,86.8,79.4,0,2026-09-04T22:00:00
MH-fd89f3f9,DOZ-203,4264.793247088718,92.0,85.3,0,2026-09-15T19:00:00
MH-b720eadc,EXC-102,4900.39088501268,91.4,87.7,0,2026-09-16T05:00:00
MH-3af9b8db,EXC-102,4901.984882300116,92.8,92.6,0,2026-09-06T00:00:00
MH-c4c29b3b,DOZ-205,1128.7611700440125,83.5,80.5,0,2026-09-15T22:00:00
MH-11749f0c,DOZ-203,4266.499115414115,90.9,84.2,0,2026-09-09T16:00:00
MH-cbfdd679,EXC-104,2207.583171665421,82.3,81.3,0,2026-09-11T02:00:00
MH-86751a17,EXC-100,4920.678989268251,91.5,84.4,0,2026-09-03T02:00:00
MH-901a38ee,DOZ-201,249.8988959586481,81.0,74.8,0,2026-09-14T13:00:00
MH-77e2315a,EXC-106,5771.697080222168,88.6,87.8,0,2026-09-17T07:00:00
MH-346c40f0,EXC-104,2208.5536269733793,77.5,75.1,0,2026-09-03T17:00:00
MH-31b61a5f,EXC-100,4922.419672066369,87.1,83.1,0,2026-09-12T16:00:00
MH-7280130b,EXC-106,5772.4132059785,90.9,86.3,0,2026-09-12T16:00:00
MH-e94c014a,EXC-106,5773.599225012671,90.2,89.2,0,2026-09-02T12:00:00
MH-b4223321,EXC-104,2210.4954349714976,79.9,77.2,0,2026-09-02T17:00:00
MH-a8d7dd5e,EXC-102,4902.902645018739,98.7,94.1,0,2026-09-05T06:00:00
MH-d9e796ea,EXC-104,2211.2428415104373,83.1,80.4,0,2026-09-07T13:00:00
MH-e6b9554e,EXC-106,5774.4262751675205,91.3,88.1,0,2026-09-11T20:00:00
MH-cb9b91a5,DOZ-203,4267.388126372947,94.1,89.3,0,2026-09-11T12:00:00
MH-9969afdd,EXC-102,4903.706743441456,96.0,88.8,0,2026-09-07T18:00:00
MH-5b4bf712,EXC-102,4904.398180746822,92.1,89.9,0,2026-09-04T11:00:00
MH-a177a0b9,DOZ-205,1129.5097197758869,81.6,74.2,0,2026-09-01T15:00:00
MH-c66b662d,EXC-102,4906.1259496909715,91.4,85.2,0,2026-09-04T03:00:00
MH-52c3ad3d,DOZ-203,4269.436069063949,94.3,92.9,0,2026-09-03T11:00:00
MH-17acdb50,EXC-102,4907.471542001275,91.4,87.5,0,2026-09-17T15:00:00
MH-67507b01,DOZ-201,251.37750641240666,86.0,82.8,0,2026-09-02T18:00:00
MH-cd5b6d52,DOZ-207,2174.700129784097,84.0,80.0,0,2026-09-14T18:00:00
MH-e1773bb5,DOZ-207,2175.916065828638,80.8,78.3,0,2026-09-02T01:00:00
MH-c298108f,DOZ-205,1129.9976010110038,83.5,78.7,0,2026-09-10T03:00:00
MH-32659a6a,DOZ-205,1130.6335580617515,85.0,80.7,0,2026-09-05T16:00:00
MH-273c3b34,DOZ-207,2176.5962676400777,83.8,77.0,0,2026-09-15T11:00:00
MH-b2b1315b,DOZ-203,4271.974234374396,93.2,89.5,0,2026-09-06T11:00:00
MH-3985d42d,DOZ-203,4272.722014203297,93.2,85.6,0,2026-09-13T13:00:00
MH-c9a7dd7d,EXC-104,2213.1287336697937,80.9,73.6,0,2026-09-09T02:00:00
MH-f500062c,EXC-104,2213.800569994842,79.2,76.7,0,2026-09-17T12:00:00
MH-7c9256b2,DOZ-205,1131.1444223967937,83.3,77.0,0,2026-09-16T04:00:00
MH-1ddc9a5a,EXC-106,5775.232395171569,91.0,83.7,0,2026-09-01T19:00:00
MH-9d557803,EXC-104,2214.4928172704526,83.7,81.4,0,2026-09-09T12:00:00
MH-c3a07f2f,EXC-100,4923.558957465735,91.7,90.6,0,2026-09-06T18:00:00
MH-c520d998,DOZ-207,2178.543510106651,79.2,78.9,0,2026-09-13T05:00:00
MH-11bf03c8,DOZ-203,4274.013220535213,92.7,87.3,0,2026-09-12T14:00:00
MH-1b33fab9,EXC-104,2215.2778050379256,76.5,74.4,0,2026-09-02T13:00:00
MH-30f6d606,DOZ-203,4275.232020528425,87.3,83.9,0,2026-09-10T21:00:00
