id,name,experience_years,certifications
OP-1001,A. Rao,10.0,"[""basic_excavation""]"
OP-1002,J. Silva,1.4,"[""basic_excavation""]"
OP-1003,M. Osei,4.9,"[""basic_excavation""]"
OP-1004,T. Nguyen,4.1,"[""basic_excavation""]"
OP-1005,P. Kowalski,11.3,"[""basic_excavation""]"
OP-1006,S. Fernandes,10.5,"[""basic_excavation""]"
OP-1007,R. Alvarez,13.5,"[""basic_excavation""]"
OP-1008,K. Mensah,2.2,"[""basic_excavation""]"
OP-1009,D. Park,6.9,"[""basic_excavation""]"
OP-1010,L. Ibrahim,1.4,"[""basic_excavation""]"
