id,mission_id,timestamp,elevation_error_cm,pass_count,surface_variance
QO-617d14e6,MISSION-FALSE-IDLE,2026-09-01T08:34:55,1.9,5,0.09
QO-fa9c33d8,MISSION-FALSE-IDLE,2026-09-01T08:52:23,2.72,5,0.129
QO-37c5f5a0,MISSION-ON-TIME-LOW-QUALITY,2026-09-01T08:26:26,6.01,5,0.245
QO-c0c2946d,MISSION-ON-TIME-LOW-QUALITY,2026-09-01T08:39:39,8.59,5,0.35
QO-5e79fb33,MISSION-OPERATOR-CONTEXT-MISMATCH,2026-09-01T08:49:07,5.27,3,0.226
QO-25611796,MISSION-OPERATOR-CONTEXT-MISMATCH,2026-09-01T09:13:41,7.53,3,0.323
QO-242b6ddd,MISSION-WHAT-IF-RECOVERY,2026-09-01T08:27:50,1.1,2,0.062
QO-c88f3a1c,MISSION-WHAT-IF-RECOVERY,2026-09-01T08:41:45,1.57,2,0.088
QO-9e9fd673,MSN-c00b09bf,2026-09-06T15:14:53,1.57,2,0.059
QO-3b71a466,MSN-c00b09bf,2026-09-06T15:22:20,2.24,2,0.085
QO-6c5277da,MSN-7780d02a,2026-09-10T08:28:33,3.91,5,0.195
QO-b52b6d63,MSN-7780d02a,2026-09-10T08:42:50,5.59,5,0.278
QO-1b149190,MSN-52045082,2026-09-11T18:18:55,2.25,5,0.11
QO-ec3cf5e6,MSN-52045082,2026-09-11T18:28:22,3.22,5,0.157
QO-0b816c5c,MSN-f27c965c,2026-09-16T08:19:39,1.62,3,0.085
QO-0c127631,MSN-f27c965c,2026-09-16T08:29:28,2.31,3,0.121
QO-a2763faa,MSN-b665df93,2026-09-11T14:21:33,2.07,5,0.104
QO-ca2271db,MSN-b665df93,2026-09-11T14:32:20,2.96,5,0.149
QO-81fc00d2,MSN-bacd24c6,2026-09-14T09:25:08,3.4,3,0.162
QO-981b3db3,MSN-bacd24c6,2026-09-14T09:37:42,4.86,3,0.232
QO-841e9786,MSN-0dac383f,2026-09-04T00:36:56,3.6,5,0.195
QO-8a9b3e6e,MSN-0dac383f,2026-09-04T00:55:24,5.15,5,0.278
QO-21d3cc14,MSN-3bcca257,2026-09-08T11:22:23,2.92,4,0.126
QO-d868b8a4,MSN-3bcca257,2026-09-08T11:33:34,4.17,4,0.18
QO-eb458c6b,MSN-faa4821e,2026-09-13T02:20:55,2.38,5,0.122
QO-b821e378,MSN-faa4821e,2026-09-13T02:31:22,3.4,5,0.175
QO-00c76f7b,MSN-5df7ed1b,2026-09-05T10:22:29,3.03,5,0.137
QO-c7963bf7,MSN-5df7ed1b,2026-09-05T10:33:43,4.33,5,0.196
QO-afa051d2,MSN-e35e47bd,2026-09-17T22:29:58,2.93,5,0.139
QO-51e1df95,MSN-e35e47bd,2026-09-17T22:44:58,4.18,5,0.198
QO-b202ed73,MSN-3e4d3b40,2026-09-14T20:25:03,3.27,3,0.171
QO-f1843161,MSN-3e4d3b40,2026-09-14T20:37:35,4.67,3,0.245
QO-a23fd6a1,MSN-1c5a1b86,2026-09-06T19:52:23,1.15,4,0.057
QO-442baa96,MSN-1c5a1b86,2026-09-06T20:18:34,1.65,4,0.081
QO-16744f9f,MSN-26e34d14,2026-09-07T11:20:44,1.49,3,0.076
QO-08ab40e6,MSN-26e34d14,2026-09-07T11:31:06,2.13,3,0.108
QO-7a3814a4,MSN-aa1b2895,2026-09-06T20:54:41,2.1,5,0.087
QO-7a83eb2f,MSN-aa1b2895,2026-09-06T21:22:02,3.0,5,0.125
QO-77cc84e8,MSN-5e3234b0,2026-09-14T14:17:16,1.22,2,0.069
QO-32996cc1,MSN-5e3234b0,2026-09-14T14:25:54,1.74,2,0.099
QO-0b60dafc,MSN-3a22a49b,2026-09-06T00:57:38,2.61,3,0.119
QO-a306345c,MSN-3a22a49b,2026-09-06T01:26:27,3.73,3,0.17
QO-9cda8200,MSN-994fd936,2026-09-17T21:49:15,1.32,2,0.071
QO-8d3267cd,MSN-994fd936,2026-09-17T22:13:53,1.89,2,0.102
QO-5bb2aa04,MSN-1f2ca382,2026-09-15T02:31:25,2.86,3,0.136
QO-872af2f2,MSN-1f2ca382,2026-09-15T02:47:08,4.08,3,0.194
QO-b6707d29,MSN-b4edaff6,2026-09-16T22:28:19,2.74,3,0.118
QO-c26dd2af,MSN-b4edaff6,2026-09-16T22:42:29,3.92,3,0.169
QO-42f12382,MSN-9914e8e7,2026-09-03T19:18:26,1.86,3,0.083
QO-d2c114a6,MSN-9914e8e7,2026-09-03T19:27:39,2.66,3,0.119
QO-c95f0f1e,MSN-d51fd8af,2026-09-10T07:38:52,1.29,4,0.046
QO-45223d06,MSN-d51fd8af,2026-09-10T07:58:18,1.84,4,0.066
QO-e9e327ea,MSN-bfc8d238,2026-09-01T12:42:09,3.71,2,0.155
QO-65559bc8,MSN-bfc8d238,2026-09-01T13:03:14,5.3,2,0.221
QO-9e1c41a1,MSN-1d8ca37a,2026-09-17T06:52:57,1.49,5,0.082
QO-1ab52c0d,MSN-1d8ca37a,2026-09-17T07:19:26,2.13,5,0.117
QO-0500adcc,MSN-aa992a84,2026-09-04T14:50:58,1.74,3,0.066
QO-a3f8d7d1,MSN-aa992a84,2026-09-04T15:16:28,2.48,3,0.094
QO-c38c13e6,MSN-a2bb6b29,2026-09-08T16:25:09,2.95,3,0.156
QO-06379937,MSN-a2bb6b29,2026-09-08T16:37:43,4.21,3,0.223
QO-73472239,MSN-d33a09a5,2026-09-04T04:09:16,3.0,2,0.148
QO-6f204e81,MSN-d33a09a5,2026-09-04T04:43:54,4.29,2,0.212
QO-528b072b,MSN-56c82220,2026-09-17T18:05:18,3.04,4,0.162
QO-e51fc607,MSN-56c82220,2026-09-17T18:37:57,4.35,4,0.232
QO-69a1d1b0,MSN-ca4d73f0,2026-09-12T02:58:36,2.23,4,0.111
QO-0cde0ecd,MSN-ca4d73f0,2026-09-12T03:27:54,3.18,4,0.159
QO-b86e9ff5,MSN-da2414a2,2026-09-09T14:21:45,3.07,5,0.144
QO-7889a770,MSN-da2414a2,2026-09-09T14:32:38,4.38,5,0.206
QO-89e10018,MSN-98d95fea,2026-09-10T07:16:37,1.42,4,0.08
QO-91566084,MSN-98d95fea,2026-09-10T07:24:56,2.03,4,0.114
QO-2c75c0d9,MSN-a7fa0392,2026-09-17T00:34:57,2.65,4,0.104
QO-a5d18b94,MSN-a7fa0392,2026-09-17T00:52:26,3.78,4,0.149
QO-8faa5ecf,MSN-88ef3867,2026-09-09T05:42:28,3.64,5,0.148
QO-b9b21473,MSN-88ef3867,2026-09-09T06:03:43,5.2,5,0.212
QO-cfcb2da6,MSN-9d025384,2026-09-02T00:32:47,0.76,5,0.039
QO-a10bd514,MSN-9d025384,2026-09-02T00:49:10,1.08,5,0.056
QO-d8123b1a,MSN-df0eba6e,2026-09-04T06:50:01,1.36,3,0.057
QO-fd35d775,MSN-df0eba6e,2026-09-04T07:15:02,1.95,3,0.081
QO-b6d6fceb,MSN-f91769cb,2026-09-11T08:38:30,3.95,3,0.193
QO-29c49977,MSN-f91769cb,2026-09-11T08:57:45,5.64,3,0.276
QO-78abb23a,MSN-583b7a6c,2026-09-03T01:31:01,1.26,5,0.07
QO-e1fd5b20,MSN-583b7a6c,2026-09-03T01:46:32,1.8,5,0.1
QO-80946478,MSN-e69b1bf0,2026-09-11T16:55:55,5.54,5,0.246
QO-24aaacf4,MSN-e69b1bf0,2026-09-11T17:23:53,7.91,5,0.352
QO-4559a578,MSN-a5a689de,2026-09-06T12:18:55,2.09,2,0.083
QO-0783f30d,MSN-a5a689de,2026-09-06T12:28:23,2.98,2,0.118
QO-07536b67,MSN-24af89ab,2026-09-14T05:21:05,2.92,2,0.123
QO-c6813296,MSN-24af89ab,2026-09-14T05:31:37,4.17,2,0.176
QO-dce225ec,MSN-00cb916f,2026-09-13T19:18:22,1.99,4,0.097
QO-907e2c3a,MSN-00cb916f,2026-09-13T19:27:33,2.84,4,0.138
QO-bc586470,MSN-9837e276,2026-09-13T06:17:37,1.39,4,0.088
QO-ec711143,MSN-9837e276,2026-09-13T06:26:25,1.99,4,0.126
QO-cee26ebb,MSN-81d663d7,2026-09-02T10:15:18,0.99,3,0.071
QO-683dd287,MSN-81d663d7,2026-09-02T10:22:58,1.41,3,0.102
QO-df09cf03,MSN-7329f41c,2026-09-17T08:41:35,2.77,4,0.13
QO-53184112,MSN-7329f41c,2026-09-17T09:02:23,3.96,4,0.186
QO-59b27d60,MSN-da4e782c,2026-09-06T16:35:37,2.8,5,0.11
QO-849f1fe3,MSN-da4e782c,2026-09-06T16:53:26,4.0,5,0.157
QO-7144e851,MSN-5c6c8800,2026-09-17T15:49:01,0.99,5,0.057
QO-1a8f2dc1,MSN-5c6c8800,2026-09-17T16:13:32,1.41,5,0.082
QO-d0801060,MSN-fd4ec0c9,2026-09-16T19:20:53,2.37,5,0.124
QO-1bd29609,MSN-fd4ec0c9,2026-09-16T19:31:20,3.38,5,0.177
QO-aaeddb6f,MSN-265a2cd1,2026-09-03T21:21:31,2.79,2,0.113
QO-80222928,MSN-265a2cd1,2026-09-03T21:32:16,3.99,2,0.161
QO-ed62fbca,MSN-a45904f6,2026-09-06T14:37:59,2.68,5,0.136
QO-a5ac6908,MSN-a45904f6,2026-09-06T14:56:59,3.83,5,0.194
QO-0bb62601,MSN-2aed8567,2026-09-09T09:22:35,4.41,3,0.199
QO-50f1816c,MSN-2aed8567,2026-09-09T09:33:53,6.3,3,0.284
QO-3a9a2378,MSN-068a19c2,2026-09-17T04:15:58,1.79,5,0.062
QO-eeb3dee6,MSN-068a19c2,2026-09-17T04:23:57,2.56,5,0.088
QO-312c72a1,MSN-ab6f00e3,2026-09-13T02:32:14,1.44,2,0.083
QO-a7f3afa9,MSN-ab6f00e3,2026-09-13T02:48:22,2.06,2,0.119
QO-f0167bf6,MSN-1d1374b0,2026-09-01T17:19:49,1.09,3,0.054
QO-563c4e94,MSN-1d1374b0,2026-09-01T17:29:44,1.56,3,0.077
QO-dd327a39,MSN-4a9f2699,2026-09-10T00:25:31,0.92,3,0.066
QO-9c3532c5,MSN-4a9f2699,2026-09-10T00:38:17,1.32,3,0.094
QO-ce2d4d6e,MSN-b7f27d6f,2026-09-13T11:22:40,2.46,3,0.106
QO-a12c8d80,MSN-b7f27d6f,2026-09-13T11:34:01,3.51,3,0.151
QO-cc62b9e2,MSN-4a809078,2026-09-17T20:20:45,1.69,2,0.095
QO-7b1b579b,MSN-4a809078,2026-09-17T20:31:08,2.42,2,0.135
QO-1e3afc15,MSN-a50081ee,2026-09-09T15:28:18,3.61,3,0.163
QO-22b5950b,MSN-a50081ee,2026-09-09T15:42:28,5.16,3,0.233
QO-ae541f52,MSN-48afce5e,2026-09-05T04:02:40,3.25,2,0.146
QO-ec9b3f50,MSN-48afce5e,2026-09-05T04:34:00,4.65,2,0.208
QO-1829511d,MSN-4af9ac14,2026-09-06T18:31:15,4.4,2,0.195
QO-ebcecb3d,MSN-4af9ac14,2026-09-06T18:46:52,6.29,2,0.278
QO-9e98b4b6,MSN-5a147e1a,2026-09-01T14:19:41,1.27,5,0.056
QO-0719eb52,MSN-5a147e1a,2026-09-01T14:29:31,1.81,5,0.08
QO-3d347533,MSN-d5da1c54,2026-09-07T18:38:14,1.63,2,0.095
QO-f997a82c,MSN-d5da1c54,2026-09-07T18:57:21,2.33,2,0.135
QO-f13d5835,MSN-cca56978,2026-09-03T19:49:25,1.25,5,0.055
QO-eafec64c,MSN-cca56978,2026-09-03T20:14:07,1.78,5,0.078
QO-cc7fe5d5,MSN-0e531393,2026-09-13T05:51:35,2.08,3,0.09
QO-7d74b159,MSN-0e531393,2026-09-13T06:17:22,2.97,3,0.128
QO-68dcbd7f,MSN-ab911c4a,2026-09-13T14:32:30,3.18,3,0.153
QO-a6e47cd9,MSN-ab911c4a,2026-09-13T14:48:46,4.55,3,0.219
QO-3b58e6e8,MSN-5124e195,2026-09-08T06:43:09,2.26,4,0.1
QO-b711af22,MSN-5124e195,2026-09-08T07:04:43,3.23,4,0.143
QO-b41db8a5,MSN-6531ef32,2026-09-17T21:20:06,2.98,3,0.166
QO-8931f1fe,MSN-6531ef32,2026-09-17T21:30:10,4.26,3,0.237
QO-c7c688b1,MSN-03ddddf8,2026-09-15T05:34:45,2.16,2,0.11
QO-a7bd1cec,MSN-03ddddf8,2026-09-15T05:52:08,3.09,2,0.157
QO-36cde44a,MSN-4ef40d62,2026-09-15T01:20:11,4.51,4,0.176
QO-1160b04c,MSN-4ef40d62,2026-09-15T01:30:17,6.44,4,0.251
QO-0ab8ed94,MSN-e3250ca1,2026-09-06T11:55:05,1.53,5,0.078
QO-84ee7ce6,MSN-e3250ca1,2026-09-06T12:22:38,2.19,5,0.112
QO-f165691e,MSN-08886cd1,2026-09-15T01:15:40,4.66,2,0.232
QO-9904fd75,MSN-08886cd1,2026-09-15T01:53:31,6.65,2,0.332
QO-2fc131ec,MSN-6b16ba9f,2026-09-11T23:23:43,1.53,2,0.061
QO-dae6c351,MSN-6b16ba9f,2026-09-11T23:35:35,2.19,2,0.087
QO-622ea3e6,MSN-56fee91a,2026-09-04T13:40:42,1.39,4,0.064
QO-3df475e6,MSN-56fee91a,2026-09-04T14:01:04,1.99,4,0.091
QO-65cc8c47,MSN-13cd0044,2026-09-17T00:30:46,1.9,4,0.1
QO-feac6469,MSN-13cd0044,2026-09-17T00:46:10,2.72,4,0.143
QO-077a2223,MSN-7a3f7cad,2026-09-02T23:34:24,1.64,3,0.078
QO-a975b2fe,MSN-7a3f7cad,2026-09-02T23:51:37,2.34,3,0.112
QO-7734526a,MSN-e1bfb11d,2026-09-08T08:27:08,3.45,2,0.141
QO-fcb4d280,MSN-e1bfb11d,2026-09-08T08:40:43,4.93,2,0.201
QO-d236e1c8,MSN-fab20d4f,2026-09-02T06:27:16,3.88,3,0.196
QO-373d24e8,MSN-fab20d4f,2026-09-02T06:40:55,5.54,3,0.28
QO-2c5dc21d,MSN-f6b91c86,2026-09-16T14:46:53,0.76,4,0.057
QO-dd9f5c79,MSN-f6b91c86,2026-09-16T15:10:20,1.09,4,0.081
QO-510b3322,MSN-2ce04c21,2026-09-05T01:43:56,4.23,3,0.175
QO-96e0ffb7,MSN-2ce04c21,2026-09-05T02:05:54,6.05,3,0.25
QO-a0921a99,MSN-3dabeb96,2026-09-09T08:38:00,3.88,3,0.204
QO-265c688f,MSN-3dabeb96,2026-09-09T08:57:00,5.54,3,0.291
QO-29ab485f,MSN-1c55647f,2026-09-06T10:44:16,4.04,3,0.173
QO-854961b1,MSN-1c55647f,2026-09-06T11:06:24,5.77,3,0.247
QO-9100e0a3,MSN-b551307c,2026-09-08T04:57:23,4.84,5,0.239
QO-746be336,MSN-b551307c,2026-09-08T05:26:05,6.92,5,0.341
QO-b829dea8,MSN-e82637ea,2026-09-05T15:18:04,1.47,3,0.081
QO-f28fab13,MSN-e82637ea,2026-09-05T15:27:06,2.1,3,0.115
QO-e0a5fd5d,MSN-d3f41657,2026-09-11T12:25:51,4.07,3,0.176
QO-4f736eff,MSN-d3f41657,2026-09-11T12:38:47,5.81,3,0.251
QO-232ae653,MSN-ca4b2e71,2026-09-13T05:17:30,1.6,2,0.079
QO-aca7ca31,MSN-ca4b2e71,2026-09-13T05:26:15,2.28,2,0.113
QO-fcfe6f94,MSN-2c851170,2026-09-09T19:19:27,1.51,2,0.078
QO-589a5353,MSN-2c851170,2026-09-09T19:29:11,2.16,2,0.112
QO-110dd9c5,MSN-5aee905d,2026-09-02T13:37:23,2.59,4,0.111
QO-7f5c5e9f,MSN-5aee905d,2026-09-02T13:56:05,3.7,4,0.159
QO-c8265c68,MSN-6a24a6d5,2026-09-09T14:25:42,4.47,5,0.212
QO-c6b592d7,MSN-6a24a6d5,2026-09-09T14:38:33,6.38,5,0.303
QO-27511007,MSN-be402e9a,2026-09-15T23:36:23,1.48,3,0.069
QO-3aec7908,MSN-be402e9a,2026-09-15T23:54:34,2.12,3,0.098
QO-d4e1dc0b,MSN-1f519a61,2026-09-05T00:50:18,5.51,5,0.255
QO-c4d7b755,MSN-1f519a61,2026-09-05T01:15:28,7.87,5,0.364
QO-30bd8750,MSN-a775ea1c,2026-09-08T16:20:16,1.78,5,0.083
QO-014cb488,MSN-a775ea1c,2026-09-08T16:30:25,2.54,5,0.119
QO-dd57089d,MSN-1b21593a,2026-09-01T16:20:52,2.65,5,0.106
QO-e3ee5373,MSN-1b21593a,2026-09-01T16:31:18,3.78,5,0.151
QO-51b71c45,MSN-ec42fa88,2026-09-06T03:30:45,1.5,3,0.083
QO-f1a5a619,MSN-ec42fa88,2026-09-06T03:46:07,2.15,3,0.118
QO-c98eac21,MSN-29542d5a,2026-09-03T19:36:27,1.91,4,0.09
QO-d9fdcf42,MSN-29542d5a,2026-09-03T19:54:41,2.73,4,0.128
QO-8d56f99c,MSN-d66f6240,2026-09-09T01:37:06,2.69,2,0.122
QO-90b66a87,MSN-d66f6240,2026-09-09T01:55:40,3.85,2,0.175
QO-78c71b22,MSN-27fa760f,2026-09-05T05:23:52,0.9,3,0.064
QO-7c0f0778,MSN-27fa760f,2026-09-05T05:35:48,1.28,3,0.091
QO-07824119,MSN-472a81e6,2026-09-15T02:21:35,3.34,2,0.143
QO-20778207,MSN-472a81e6,2026-09-15T02:32:23,4.77,2,0.205
QO-3c6955ec,MSN-b91ead10,2026-09-14T06:23:48,2.92,4,0.141
QO-287d988c,MSN-b91ead10,2026-09-14T06:35:42,4.17,4,0.201
QO-2bb88eb3,MSN-5262ef18,2026-09-04T08:26:45,5.32,5,0.245
QO-4092e25a,MSN-5262ef18,2026-09-04T08:40:08,7.6,5,0.35
QO-14cb79ba,MSN-8c9ea972,2026-09-09T15:35:42,4.08,3,0.202
QO-b577754c,MSN-8c9ea972,2026-09-09T15:53:33,5.83,3,0.288
QO-e7a5fd88,MSN-0760bb85,2026-09-13T08:30:37,2.58,3,0.143
QO-cfdf8966,MSN-0760bb85,2026-09-13T08:45:56,3.68,3,0.204
QO-7f723f59,MSN-3825c907,2026-09-09T12:52:33,1.38,3,0.047
QO-9755ada9,MSN-3825c907,2026-09-09T13:18:49,1.97,3,0.067
QO-505a205e,MSN-b7227a9e,2026-09-02T05:40:30,2.83,4,0.118
QO-5bc35245,MSN-b7227a9e,2026-09-02T06:00:46,4.05,4,0.168
QO-df0cf336,MSN-95f8f14f,2026-09-15T15:53:16,1.61,2,0.07
QO-02fc4065,MSN-95f8f14f,2026-09-15T16:19:54,2.3,2,0.1
QO-180ee4d1,MSN-450186af,2026-09-05T20:27:48,2.75,2,0.123
QO-fc0d00ca,MSN-450186af,2026-09-05T20:41:42,3.93,2,0.176
QO-7c2a3816,MSN-c085a9cf,2026-09-07T13:50:34,1.48,4,0.071
QO-f267f48c,MSN-c085a9cf,2026-09-07T14:15:51,2.12,4,0.101
QO-b7128660,MSN-775c6fe8,2026-09-02T06:35:00,1.25,2,0.056
QO-2407f093,MSN-775c6fe8,2026-09-02T06:52:30,1.78,2,0.08
QO-5cc5b313,MSN-b6be6309,2026-09-15T16:54:54,1.59,5,0.098
QO-603ae434,MSN-b6be6309,2026-09-15T17:22:21,2.27,5,0.14
QO-e312da2d,MSN-f9270c4c,2026-09-15T03:29:27,5.42,3,0.254
QO-21886e88,MSN-f9270c4c,2026-09-15T03:44:10,7.75,3,0.363
QO-a7427781,MSN-1f2e78fd,2026-09-04T19:00:04,2.51,4,0.137
QO-882e06cf,MSN-1f2e78fd,2026-09-04T19:30:07,3.59,4,0.196
QO-ed443396,MSN-386b8bc2,2026-09-15T07:15:59,1.68,5,0.076
QO-9bd4a76a,MSN-386b8bc2,2026-09-15T07:23:58,2.4,5,0.108
QO-31b47fb6,MSN-0158522a,2026-09-02T07:47:55,1.14,3,0.055
QO-8a05bde7,MSN-0158522a,2026-09-02T08:11:52,1.63,3,0.079
QO-96114a1f,MSN-067d6ee7,2026-09-04T22:51:15,1.23,2,0.052
QO-a6ea5046,MSN-067d6ee7,2026-09-04T23:16:53,1.76,2,0.074
QO-8705d462,MSN-9b3ad2c7,2026-09-06T06:22:58,2.46,2,0.133
QO-8494ac8a,MSN-9b3ad2c7,2026-09-06T06:34:28,3.51,2,0.19
QO-eb45b7c8,MSN-15997d5a,2026-09-03T15:34:14,3.67,4,0.18
QO-c2a550f0,MSN-15997d5a,2026-09-03T15:51:21,5.25,4,0.257
QO-3ce85087,MSN-819d4dfa,2026-09-14T23:08:07,3.51,4,0.19
QO-86349c34,MSN-819d4dfa,2026-09-14T23:42:11,5.02,4,0.272
QO-1509cdbd,MSN-8cbf1c2b,2026-09-09T01:53:18,1.69,3,0.092
QO-a0ecc1bd,MSN-8cbf1c2b,2026-09-09T02:19:57,2.42,3,0.131
QO-e84e47fa,MSN-3ce2b841,2026-09-12T04:19:58,1.06,3,0.055
QO-6c2bc48c,MSN-3ce2b841,2026-09-12T04:29:58,1.52,3,0.078
QO-bcf78e7b,MSN-484a68da,2026-09-16T07:35:09,4.2,2,0.206
QO-6deee54a,MSN-484a68da,2026-09-16T07:52:44,6.0,2,0.294
QO-6b502ecc,MSN-e80f88ce,2026-09-05T06:23:38,3.2,4,0.152
QO-6727cad1,MSN-e80f88ce,2026-09-05T06:35:28,4.57,4,0.217
QO-be9a9531,MSN-519855e1,2026-09-05T20:57:23,2.16,4,0.12
QO-64bb2d84,MSN-519855e1,2026-09-05T21:26:05,3.09,4,0.172
QO-534fa285,MSN-d88e5a73,2026-09-03T11:15:57,0.93,5,0.064
QO-8b240e25,MSN-d88e5a73,2026-09-03T11:23:56,1.33,5,0.092
QO-6d80fdf4,MSN-3bd12c75,2026-09-02T21:25:23,2.54,5,0.101
QO-7d1281a1,MSN-3bd12c75,2026-09-02T21:38:05,3.63,5,0.144
QO-4dafb848,MSN-c9863e07,2026-09-15T08:36:44,1.46,4,0.063
QO-080d03c6,MSN-c9863e07,2026-09-15T08:55:06,2.08,4,0.09
QO-575efdce,MSN-80df832f,2026-09-10T04:39:57,4.96,3,0.225
QO-2cb12302,MSN-80df832f,2026-09-10T04:59:56,7.08,3,0.321
QO-08673e2a,MSN-2013d86f,2026-09-10T05:02:21,2.5,5,0.125
QO-2ad10440,MSN-2013d86f,2026-09-10T05:33:32,3.57,5,0.178
QO-bf6973ec,MSN-b2606096,2026-09-17T09:29:49,5.17,4,0.248
QO-dd5361fd,MSN-b2606096,2026-09-17T09:44:43,7.38,4,0.355
QO-00527dbe,MSN-b70797bf,2026-09-11T15:24:59,2.06,2,0.089
QO-a2fbeb46,MSN-b70797bf,2026-09-11T15:37:28,2.94,2,0.127
QO-07aa7d78,MSN-2383924c,2026-09-06T08:34:36,3.83,4,0.193
QO-a2b6114e,MSN-2383924c,2026-09-06T08:51:54,5.47,4,0.275
QO-a3ded73b,MSN-e0f0cfec,2026-09-17T22:53:26,2.25,2,0.106
QO-6b869772,MSN-e0f0cfec,2026-09-17T23:20:10,3.22,2,0.152
QO-4002bb82,MSN-95130d29,2026-09-09T04:25:53,3.74,2,0.178
QO-8bb4ae73,MSN-95130d29,2026-09-09T04:38:50,5.35,2,0.254
QO-f14887e8,MSN-cf683e70,2026-09-13T12:27:46,1.93,4,0.101
QO-1275804b,MSN-cf683e70,2026-09-13T12:41:39,2.76,4,0.144
QO-4389ceec,MSN-04236f81,2026-09-11T00:53:46,1.58,4,0.076
QO-5334c587,MSN-04236f81,2026-09-11T01:20:40,2.26,4,0.109
QO-5f6b8e75,MSN-6d05324c,2026-09-06T20:23:41,1.11,2,0.069
QO-717eb364,MSN-6d05324c,2026-09-06T20:35:31,1.58,2,0.099
QO-cc43964b,MSN-00f5ac09,2026-09-12T21:21:58,2.75,3,0.132
QO-eb750176,MSN-00f5ac09,2026-09-12T21:32:57,3.93,3,0.188
QO-faed7b81,MSN-350642e1,2026-09-06T13:24:35,1.48,3,0.058
QO-76fb0cd7,MSN-350642e1,2026-09-06T13:36:53,2.11,3,0.083
QO-873d293d,MSN-f9244482,2026-09-11T10:15:37,1.3,4,0.055
QO-791b6f66,MSN-f9244482,2026-09-11T10:23:25,1.86,4,0.078
QO-63fd3407,MSN-e21264f0,2026-09-11T17:21:14,2.09,2,0.105
QO-c4595027,MSN-e21264f0,2026-09-11T17:31:51,2.98,2,0.15
QO-fac10f88,MSN-ad9bac65,2026-09-03T05:16:30,1.97,3,0.115
QO-d6f456c7,MSN-ad9bac65,2026-09-03T05:24:45,2.81,3,0.164
QO-96902294,MSN-352cd0a7,2026-09-04T11:56:10,1.9,5,0.085
QO-a2910f8a,MSN-352cd0a7,2026-09-04T12:24:16,2.71,5,0.121
QO-f14d614b,MSN-01120204,2026-09-11T20:54:07,1.67,5,0.092
QO-b49dae42,MSN-01120204,2026-09-11T21:21:11,2.38,5,0.132
QO-5a662fe2,MSN-967eb4cd,2026-09-11T00:22:09,2.05,5,0.104
QO-e7d119b8,MSN-967eb4cd,2026-09-11T00:33:14,2.93,5,0.149
QO-fbe8fb22,MSN-b987463f,2026-09-17T23:23:51,2.51,3,0.132
QO-180e4479,MSN-b987463f,2026-09-17T23:35:47,3.59,3,0.189
QO-053a0343,MSN-1cad3fbc,2026-09-04T20:19:51,1.77,5,0.095
QO-ffdb0fda,MSN-1cad3fbc,2026-09-04T20:29:47,2.53,5,0.136
QO-0a8ee22e,MSN-f201a9aa,2026-09-13T01:17:09,1.38,5,0.066
QO-91186ec8,MSN-f201a9aa,2026-09-13T01:25:44,1.97,5,0.094
QO-bbe010b0,MSN-79eeb2af,2026-09-09T05:23:30,4.02,3,0.163
QO-9b927927,MSN-79eeb2af,2026-09-09T05:35:15,5.75,3,0.233
QO-959c3156,MSN-86affa2a,2026-09-14T09:24:19,2.88,2,0.138
QO-7135c772,MSN-86affa2a,2026-09-14T09:36:29,4.12,2,0.197
QO-524438fe,MSN-2405c65c,2026-09-05T12:14:10,0.78,4,0.061
QO-0f2b76fb,MSN-2405c65c,2026-09-05T12:21:16,1.11,4,0.087
QO-1fabbe4e,MSN-885ac370,2026-09-14T02:09:28,3.62,4,0.193
QO-d69295da,MSN-885ac370,2026-09-14T02:44:13,5.17,4,0.275
QO-03c30643,MSN-41b4ef24,2026-09-16T19:37:06,3.39,4,0.166
QO-308ea908,MSN-41b4ef24,2026-09-16T19:55:40,4.84,4,0.237
QO-32bd7532,MSN-758f75e5,2026-09-14T10:23:14,2.37,3,0.106
QO-eb1d19c7,MSN-758f75e5,2026-09-14T10:34:51,3.38,3,0.151
QO-966408c1,MSN-8081cce2,2026-09-16T07:52:41,1.45,3,0.076
QO-c224be90,MSN-8081cce2,2026-09-16T08:19:02,2.07,3,0.108
QO-7e919610,MSN-7bd9f7d5,2026-09-08T15:48:06,0.93,5,0.052
QO-b39444eb,MSN-7bd9f7d5,2026-09-08T16:12:10,1.33,5,0.075
QO-fdbddd5c,MSN-a7634743,2026-09-15T11:35:55,2.21,4,0.116
QO-3ecc0ef7,MSN-a7634743,2026-09-15T11:53:53,3.16,4,0.166
QO-e45dd82d,MSN-b7194c7c,2026-09-14T17:19:29,2.97,5,0.129
QO-6a86a1db,MSN-b7194c7c,2026-09-14T17:29:14,4.24,5,0.184
QO-6bb60a68,MSN-6fcdd937,2026-09-08T22:23:50,3.23,2,0.133
QO-20139d5e,MSN-6fcdd937,2026-09-08T22:35:45,4.62,2,0.19
QO-d228feb5,MSN-c6e70e93,2026-09-14T10:49:26,0.59,2,0.059
QO-edca995c,MSN-c6e70e93,2026-09-14T11:14:09,0.85,2,0.084
QO-c6a29c8e,MSN-a1ae2bd0,2026-09-04T04:38:42,2.4,3,0.115
QO-24da6206,MSN-a1ae2bd0,2026-09-04T04:58:03,3.43,3,0.165
QO-981aabd5,MSN-f441cef7,2026-09-04T22:17:22,0.94,2,0.048
QO-9e315ace,MSN-f441cef7,2026-09-04T22:26:03,1.34,2,0.069
QO-4e03f3fd,MSN-035e7900,2026-09-15T19:51:10,1.74,2,0.085
QO-7c15852a,MSN-035e7900,2026-09-15T20:16:45,2.49,2,0.121
QO-4e87813a,MSN-d16bfc8a,2026-09-16T05:47:49,0.72,3,0.035
QO-e4b5837d,MSN-d16bfc8a,2026-09-16T06:11:43,1.03,3,0.05
QO-a11654fb,MSN-53d683c2,2026-09-06T00:27:31,1.88,3,0.092
QO-2f53f04a,MSN-53d683c2,2026-09-06T00:41:17,2.69,3,0.132
QO-06d3a362,MSN-8f6c8708,2026-09-15T22:22:27,2.92,3,0.117
QO-d4f8f53e,MSN-8f6c8708,2026-09-15T22:33:41,4.17,3,0.167
QO-7622a1bd,MSN-e149daf1,2026-09-09T16:26:40,1.16,3,0.047
QO-4f004b2a,MSN-e149daf1,2026-09-09T16:40:00,1.66,3,0.067
QO-44e3da69,MSN-78b1612b,2026-09-11T02:29:06,1.14,2,0.071
QO-2a56fc89,MSN-78b1612b,2026-09-11T02:43:40,1.63,2,0.101
QO-eb8444b9,MSN-61a4eeef,2026-09-03T02:52:13,2.51,4,0.101
QO-2bf0fa85,MSN-61a4eeef,2026-09-03T03:18:19,3.58,4,0.145
QO-cdf64871,MSN-5e47fa04,2026-09-14T13:44:21,1.18,2,0.076
QO-7e4a99d9,MSN-5e47fa04,2026-09-14T14:06:32,1.69,2,0.109
QO-21703371,MSN-19f094cf,2026-09-17T07:21:29,2.71,3,0.136
QO-47769482,MSN-19f094cf,2026-09-17T07:32:13,3.87,3,0.195
QO-a446c1fc,MSN-c1bcb2c5,2026-09-03T17:58:15,5.8,2,0.256
QO-1893bedd,MSN-c1bcb2c5,2026-09-03T18:27:22,8.28,2,0.366
QO-e517290d,MSN-fae221a5,2026-09-12T16:34:10,1.54,4,0.084
QO-5309d5ad,MSN-fae221a5,2026-09-12T16:51:16,2.2,4,0.12
QO-421de7ea,MSN-045d1394,2026-09-12T16:35:34,2.42,3,0.123
QO-efe8b694,MSN-045d1394,2026-09-12T16:53:22,3.46,3,0.176
QO-41632416,MSN-35a046a4,2026-09-02T12:24:48,0.54,3,0.041
QO-917a08d5,MSN-35a046a4,2026-09-02T12:37:13,0.77,3,0.059
QO-daef5657,MSN-3e402f5b,2026-09-02T17:22:25,2.3,3,0.122
QO-8cf4c50a,MSN-3e402f5b,2026-09-02T17:33:37,3.29,3,0.175
QO-3e6afc7a,MSN-38fa6491,2026-09-05T06:24:07,3.28,4,0.155
QO-752db80c,MSN-38fa6491,2026-09-05T06:36:11,4.69,4,0.222
QO-958634c0,MSN-ac02185c,2026-09-07T13:56:34,2.14,2,0.087
QO-5d8592be,MSN-ac02185c,2026-09-07T14:24:51,3.06,2,0.124
QO-f547b18e,MSN-774bb1a9,2026-09-11T20:24:11,3.73,5,0.183
QO-ae1a7498,MSN-774bb1a9,2026-09-11T20:36:16,5.33,5,0.261
QO-1d11a346,MSN-373e8b37,2026-09-11T13:01:26,3.16,5,0.156
QO-7a094f07,MSN-373e8b37,2026-09-11T13:32:09,4.51,5,0.223
QO-c6310b46,MSN-718d1f16,2026-09-07T18:20:44,2.64,2,0.117
QO-033e8e58,MSN-718d1f16,2026-09-07T18:31:06,3.77,2,0.167
QO-23d9a641,MSN-6a0d6e11,2026-09-04T11:51:49,2.46,4,0.107
QO-e6c6fe3c,MSN-6a0d6e11,2026-09-04T12:17:44,3.52,4,0.153
QO-9fe603ee,MSN-1f1cb607,2026-09-01T15:14:38,1.08,3,0.035
QO-52603b62,MSN-1f1cb607,2026-09-01T15:21:57,1.55,3,0.05
QO-570b5f59,MSN-529c14c4,2026-09-04T03:40:22,3.73,4,0.192
QO-763c3656,MSN-529c14c4,2026-09-04T04:00:33,5.33,4,0.274
QO-1e4a294e,MSN-0a499d95,2026-09-03T12:16:08,4.47,5,0.216
QO-3895382a,MSN-0a499d95,2026-09-03T12:54:13,6.39,5,0.308
QO-3df4452e,MSN-ecfdaca4,2026-09-17T15:18:09,1.55,2,0.079
QO-33991ffc,MSN-ecfdaca4,2026-09-17T15:27:14,2.21,2,0.113
QO-69b054c6,MSN-061f4227,2026-09-02T18:21:55,2.19,3,0.09
QO-6c0a864c,MSN-061f4227,2026-09-02T18:32:53,3.13,3,0.129
QO-75c781a4,MSN-cad19889,2026-09-14T18:36:28,2.1,2,0.105
QO-8141212f,MSN-cad19889,2026-09-14T18:54:43,3.0,2,0.15
QO-753b2c2f,MSN-4c5fb762,2026-09-02T01:20:24,3.63,2,0.173
QO-342707a1,MSN-4c5fb762,2026-09-02T01:30:36,5.19,2,0.247
QO-51609db2,MSN-8a52b583,2026-09-10T03:19:04,2.81,5,0.112
QO-c0895039,MSN-8a52b583,2026-09-10T03:28:37,4.01,5,0.16
QO-96ffb724,MSN-b55b515c,2026-09-05T16:15:19,0.94,3,0.056
QO-3f3e081a,MSN-b55b515c,2026-09-05T16:22:59,1.35,3,0.08
QO-73bcbb65,MSN-d7efd548,2026-09-15T11:58:25,3.09,4,0.148
QO-01cca8fa,MSN-d7efd548,2026-09-15T12:27:37,4.42,4,0.212
QO-20f0dbe8,MSN-3437a418,2026-09-06T11:22:26,1.16,5,0.057
QO-c48642cf,MSN-3437a418,2026-09-06T11:33:39,1.66,5,0.081
QO-b6a6ae30,MSN-f9083804,2026-09-13T13:38:44,2.58,2,0.132
QO-8739c504,MSN-f9083804,2026-09-13T13:58:06,3.68,2,0.188
QO-38fbfbd0,MSN-b6cc6a4d,2026-09-09T02:20:09,1.7,2,0.09
QO-53534554,MSN-b6cc6a4d,2026-09-09T02:30:13,2.43,2,0.129
QO-f034ca6b,MSN-4f85c8e2,2026-09-17T12:20:46,1.65,4,0.081
QO-12043342,MSN-4f85c8e2,2026-09-17T12:31:09,2.35,4,0.116
QO-f5f89cb9,MSN-3b8ca280,2026-09-16T04:17:50,1.34,4,0.059
QO-b25e01cd,MSN-3b8ca280,2026-09-16T04:26:46,1.92,4,0.084
QO-819219db,MSN-6fe9e0d6,2026-09-01T19:19:35,2.01,2,0.101
QO-179a6211,MSN-6fe9e0d6,2026-09-01T19:29:23,2.87,2,0.145
QO-535f89fb,MSN-81b16d2e,2026-09-09T12:23:32,0.98,2,0.034
QO-d887ba52,MSN-81b16d2e,2026-09-09T12:35:19,1.4,2,0.048
QO-2b77d6d7,MSN-c374a6d5,2026-09-06T18:33:30,2.71,4,0.142
QO-9774a7d9,MSN-c374a6d5,2026-09-06T18:50:16,3.87,4,0.203
QO-f49b1126,MSN-4bf62229,2026-09-13T05:23:59,1.46,4,0.073
QO-d7921916,MSN-4bf62229,2026-09-13T05:35:59,2.09,4,0.105
QO-d7323c34,MSN-106e54f6,2026-09-12T14:36:33,3.79,4,0.192
QO-dd638280,MSN-106e54f6,2026-09-12T14:54:50,5.41,4,0.274
QO-303dc831,MSN-ee502ea6,2026-09-02T13:56:02,2.26,3,0.11
QO-27989b15,MSN-ee502ea6,2026-09-02T14:24:03,3.23,3,0.157
QO-0ff7f1c5,MSN-0c13e22d,2026-09-10T21:53:09,5.09,2,0.244
QO-eb51405c,MSN-0c13e22d,2026-09-10T22:19:44,7.27,2,0.349
