id,mission_id,timestamp,truck_present,truck_eta_min,queue_length,material_available,nearby_machine_count
WF-33a3f30e,MISSION-FALSE-IDLE,2026-09-01T08:00:00,1,15.462137180927584,3,1,0
WF-573ab6ed,MISSION-FALSE-IDLE,2026-09-01T08:12:00,0,15.462137180927584,4,1,3
WF-06da7e6c,MISSION-FALSE-IDLE,2026-09-01T08:24:00,0,15.462137180927584,5,1,3
WF-40e920a3,MISSION-OPERATOR-CONTEXT-MISMATCH,2026-09-01T08:00:00,1,,1,1,3
WF-186a377f,MISSION-OPERATOR-CONTEXT-MISMATCH,2026-09-01T08:12:00,1,,0,1,3
WF-e5d47888,MISSION-OPERATOR-CONTEXT-MISMATCH,2026-09-01T08:24:00,1,,0,1,0
WF-6016be80,MISSION-WHAT-IF-RECOVERY,2026-09-01T08:00:00,1,24.19541620668976,4,1,0
WF-b3b0c059,MISSION-WHAT-IF-RECOVERY,2026-09-01T08:12:00,0,24.19541620668976,5,1,3
WF-4f0b1ba7,MISSION-WHAT-IF-RECOVERY,2026-09-01T08:24:00,0,24.19541620668976,6,1,0
WF-ceb980c0,MSN-c00b09bf,2026-09-06T15:00:00,1,,1,1,1
WF-fb9faf87,MSN-c00b09bf,2026-09-06T15:12:00,1,,0,1,0
WF-b39be6cc,MSN-c00b09bf,2026-09-06T15:24:00,1,,0,1,1
WF-fc1fe144,MSN-f27c965c,2026-09-16T08:00:00,1,,0,1,1
WF-dd92c9e3,MSN-f27c965c,2026-09-16T08:12:00,1,,0,1,3
WF-2a5213a1,MSN-f27c965c,2026-09-16T08:24:00,1,,0,1,2
WF-878689a7,MSN-bacd24c6,2026-09-14T09:00:00,1,5.026757226028858,1,1,3
WF-6a09e51d,MSN-bacd24c6,2026-09-14T09:12:00,0,5.026757226028858,2,1,2
WF-dab7073a,MSN-bacd24c6,2026-09-14T09:24:00,0,5.026757226028858,3,1,0
WF-13c02069,MSN-0dac383f,2026-09-04T00:00:00,1,,1,1,2
WF-cac1097e,MSN-0dac383f,2026-09-04T00:12:00,1,,0,1,0
WF-d9e9feb5,MSN-0dac383f,2026-09-04T00:24:00,1,,0,1,0
WF-4cba26e4,MSN-e35e47bd,2026-09-17T22:00:00,1,,1,1,0
WF-19151a12,MSN-e35e47bd,2026-09-17T22:12:00,1,,0,1,1
WF-d9015f6b,MSN-e35e47bd,2026-09-17T22:24:00,1,,0,1,2
WF-26a748bc,MSN-5e3234b0,2026-09-14T14:00:00,1,,1,1,0
WF-12b702c2,MSN-5e3234b0,2026-09-14T14:12:00,1,,0,1,1
WF-4dfbb923,MSN-5e3234b0,2026-09-14T14:24:00,1,,0,1,0
WF-6209189d,MSN-1f2ca382,2026-09-15T02:00:00,1,,1,1,1
WF-84d4bf88,MSN-1f2ca382,2026-09-15T02:12:00,1,,0,1,0
WF-3029f920,MSN-1f2ca382,2026-09-15T02:24:00,1,,0,1,1
WF-7149a254,MSN-b4edaff6,2026-09-16T22:00:00,1,,0,1,3
WF-d1b25c29,MSN-b4edaff6,2026-09-16T22:12:00,1,,0,1,0
WF-a43da6d5,MSN-b4edaff6,2026-09-16T22:24:00,1,,0,1,2
WF-c13b1421,MSN-d51fd8af,2026-09-10T07:00:00,1,12.544358791249854,0,1,0
WF-ecef6977,MSN-d51fd8af,2026-09-10T07:12:00,0,12.544358791249854,1,1,2
WF-b63f9d13,MSN-d51fd8af,2026-09-10T07:24:00,0,12.544358791249854,2,1,3
WF-c103b271,MSN-bfc8d238,2026-09-01T12:00:00,1,13.617643620225886,0,1,3
WF-fdac2f1c,MSN-bfc8d238,2026-09-01T12:12:00,0,13.617643620225886,1,1,0
WF-a19c1eff,MSN-bfc8d238,2026-09-01T12:24:00,0,13.617643620225886,2,1,3
WF-c07e3970,MSN-98d95fea,2026-09-10T07:00:00,1,,2,1,1
WF-2db1245a,MSN-98d95fea,2026-09-10T07:12:00,1,,1,1,2
WF-d3f0858e,MSN-98d95fea,2026-09-10T07:24:00,1,,0,1,3
WF-99ab8230,MSN-a7fa0392,2026-09-17T00:00:00,1,,2,1,3
WF-0577d6b4,MSN-a7fa0392,2026-09-17T00:12:00,1,,1,1,3
WF-67a57715,MSN-a7fa0392,2026-09-17T00:24:00,1,,0,1,1
WF-cbdf8ee8,MSN-88ef3867,2026-09-09T05:00:00,1,,2,1,2
WF-1868434d,MSN-88ef3867,2026-09-09T05:12:00,1,,1,1,0
WF-6dd8fdb4,MSN-88ef3867,2026-09-09T05:24:00,1,,0,1,3
WF-14849b3f,MSN-9d025384,2026-09-02T00:00:00,1,,2,1,0
WF-1165c92f,MSN-9d025384,2026-09-02T00:12:00,1,,1,1,1
WF-81b49c0e,MSN-9d025384,2026-09-02T00:24:00,1,,0,1,3
WF-e38efc3c,MSN-f91769cb,2026-09-11T08:00:00,1,,1,1,0
WF-bf0f772e,MSN-f91769cb,2026-09-11T08:12:00,1,,0,1,1
WF-db1ffc3b,MSN-f91769cb,2026-09-11T08:24:00,1,,0,1,2
WF-97358d9b,MSN-583b7a6c,2026-09-03T01:00:00,1,14.416069878685958,0,1,1
WF-c9e84607,MSN-583b7a6c,2026-09-03T01:12:00,0,14.416069878685958,1,1,2
WF-a71aec6f,MSN-583b7a6c,2026-09-03T01:24:00,0,14.416069878685958,2,1,0
WF-bfa316bd,MSN-e69b1bf0,2026-09-11T16:00:00,1,8.705401980502913,2,1,0
WF-cd2361ba,MSN-e69b1bf0,2026-09-11T16:12:00,0,8.705401980502913,3,1,2
WF-f1534307,MSN-e69b1bf0,2026-09-11T16:24:00,0,8.705401980502913,4,1,1
WF-92a25ade,MSN-a5a689de,2026-09-06T12:00:00,1,,0,1,3
WF-e97c450a,MSN-a5a689de,2026-09-06T12:12:00,1,,0,1,1
WF-b8b5fce1,MSN-a5a689de,2026-09-06T12:24:00,1,,0,1,2
WF-388f23b8,MSN-24af89ab,2026-09-14T05:00:00,1,,2,1,1
WF-d81466ae,MSN-24af89ab,2026-09-14T05:12:00,1,,1,1,2
WF-c28e6570,MSN-24af89ab,2026-09-14T05:24:00,1,,0,1,2
WF-9a6593cc,MSN-00cb916f,2026-09-13T19:00:00,1,,0,1,3
WF-501218ce,MSN-00cb916f,2026-09-13T19:12:00,1,,0,1,1
WF-7f620828,MSN-00cb916f,2026-09-13T19:24:00,1,,0,1,3
WF-c2866ec8,MSN-9837e276,2026-09-13T06:00:00,1,,2,1,2
WF-5b6648cd,MSN-9837e276,2026-09-13T06:12:00,1,,1,1,2
WF-120a0c73,MSN-9837e276,2026-09-13T06:24:00,1,,0,1,0
WF-db00cfe5,MSN-81d663d7,2026-09-02T10:00:00,1,,0,1,1
WF-f9e4eb00,MSN-81d663d7,2026-09-02T10:12:00,1,,0,1,3
WF-b4d4a74d,MSN-81d663d7,2026-09-02T10:24:00,1,,0,1,3
WF-fd156e3e,MSN-7329f41c,2026-09-17T08:00:00,1,,2,1,3
WF-1f23e5a5,MSN-7329f41c,2026-09-17T08:12:00,1,,1,1,1
WF-1309cf58,MSN-7329f41c,2026-09-17T08:24:00,1,,0,1,3
WF-a0fdfb37,MSN-da4e782c,2026-09-06T16:00:00,1,,1,1,1
WF-e19ce039,MSN-da4e782c,2026-09-06T16:12:00,1,,0,1,0
WF-0a7d9d3f,MSN-da4e782c,2026-09-06T16:24:00,1,,0,1,0
WF-2639c5d4,MSN-a45904f6,2026-09-06T14:00:00,1,,2,1,2
WF-d3d845fa,MSN-a45904f6,2026-09-06T14:12:00,1,,1,1,2
WF-c6e6aa45,MSN-a45904f6,2026-09-06T14:24:00,1,,0,1,1
WF-d7d4f543,MSN-2aed8567,2026-09-09T09:00:00,1,,1,1,1
WF-561f754e,MSN-2aed8567,2026-09-09T09:12:00,1,,0,1,3
WF-73ad3ba0,MSN-2aed8567,2026-09-09T09:24:00,1,,0,1,1
WF-73d58887,MSN-068a19c2,2026-09-17T04:00:00,1,,1,1,3
WF-d397e180,MSN-068a19c2,2026-09-17T04:12:00,1,,0,1,3
WF-1e17493c,MSN-068a19c2,2026-09-17T04:24:00,1,,0,1,2
WF-74520bfa,MSN-ab6f00e3,2026-09-13T02:00:00,1,12.949755143536342,0,1,1
WF-d8644b65,MSN-ab6f00e3,2026-09-13T02:12:00,0,12.949755143536342,1,1,3
WF-a9f8173a,MSN-ab6f00e3,2026-09-13T02:24:00,0,12.949755143536342,2,1,1
WF-323cd589,MSN-4a9f2699,2026-09-10T00:00:00,1,,2,1,0
WF-8439ef9f,MSN-4a9f2699,2026-09-10T00:12:00,1,,1,1,0
WF-8357d7ba,MSN-4a9f2699,2026-09-10T00:24:00,1,,0,1,1
WF-ec0b67db,MSN-a50081ee,2026-09-09T15:00:00,1,9.34676269262745,1,1,2
WF-516383b1,MSN-a50081ee,2026-09-09T15:12:00,0,9.34676269262745,2,1,3
WF-ec5603c7,MSN-a50081ee,2026-09-09T15:24:00,0,9.34676269262745,3,1,0
WF-8cdf6437,MSN-d5da1c54,2026-09-07T18:00:00,1,,2,1,1
WF-bc82840d,MSN-d5da1c54,2026-09-07T18:12:00,1,,1,1,1
WF-0c24289d,MSN-d5da1c54,2026-09-07T18:24:00,1,,0,1,2
WF-5c45b960,MSN-ab911c4a,2026-09-13T14:00:00,1,,0,1,1
WF-db70a8d0,MSN-ab911c4a,2026-09-13T14:12:00,1,,0,1,2
WF-fb148a85,MSN-ab911c4a,2026-09-13T14:24:00,1,,0,1,0
WF-5eedc3f4,MSN-5124e195,2026-09-08T06:00:00,1,12.500941364891158,1,1,0
WF-dbdf484b,MSN-5124e195,2026-09-08T06:12:00,0,12.500941364891158,2,1,2
WF-7dd929d2,MSN-5124e195,2026-09-08T06:24:00,0,12.500941364891158,3,1,1
WF-0f253a73,MSN-6531ef32,2026-09-17T21:00:00,1,,1,1,1
WF-aff11bf3,MSN-6531ef32,2026-09-17T21:12:00,1,,0,1,3
WF-8908fbf7,MSN-6531ef32,2026-09-17T21:24:00,1,,0,1,2
WF-d7a2baa2,MSN-03ddddf8,2026-09-15T05:00:00,1,,2,1,1
WF-b72cdc67,MSN-03ddddf8,2026-09-15T05:12:00,1,,1,1,3
WF-45c81849,MSN-03ddddf8,2026-09-15T05:24:00,1,,0,1,0
WF-e4945c18,MSN-4ef40d62,2026-09-15T01:00:00,1,,1,1,3
WF-29c4aecf,MSN-4ef40d62,2026-09-15T01:12:00,1,,0,1,1
WF-0b67c558,MSN-4ef40d62,2026-09-15T01:24:00,1,,0,1,0
WF-17e0ff90,MSN-6b16ba9f,2026-09-11T23:00:00,1,,0,1,0
WF-92499db4,MSN-6b16ba9f,2026-09-11T23:12:00,1,,0,1,2
WF-94cc769e,MSN-6b16ba9f,2026-09-11T23:24:00,1,,0,1,3
WF-71e5907d,MSN-56fee91a,2026-09-04T13:00:00,1,14.15854764880895,1,1,2
WF-2ad57daa,MSN-56fee91a,2026-09-04T13:12:00,0,14.15854764880895,2,1,0
WF-93f3ce62,MSN-56fee91a,2026-09-04T13:24:00,0,14.15854764880895,3,1,2
WF-e06e28b6,MSN-13cd0044,2026-09-17T00:00:00,1,,0,1,2
WF-2e838efb,MSN-13cd0044,2026-09-17T00:12:00,1,,0,1,0
WF-1d5927bd,MSN-13cd0044,2026-09-17T00:24:00,1,,0,1,3
WF-8af1b448,MSN-7a3f7cad,2026-09-02T23:00:00,1,,2,1,2
WF-3b0ce9a6,MSN-7a3f7cad,2026-09-02T23:12:00,1,,1,1,2
WF-03b9f8f7,MSN-7a3f7cad,2026-09-02T23:24:00,1,,0,1,3
WF-b189ad8f,MSN-e1bfb11d,2026-09-08T08:00:00,1,9.043922264471746,1,1,1
WF-e86bd69b,MSN-e1bfb11d,2026-09-08T08:12:00,0,9.043922264471746,2,1,0
WF-179e6262,MSN-e1bfb11d,2026-09-08T08:24:00,0,9.043922264471746,3,1,3
WF-5b491325,MSN-2ce04c21,2026-09-05T01:00:00,1,,0,1,1
WF-36a54f66,MSN-2ce04c21,2026-09-05T01:12:00,1,,0,1,3
WF-07944bb4,MSN-2ce04c21,2026-09-05T01:24:00,1,,0,1,2
WF-531666f7,MSN-3dabeb96,2026-09-09T08:00:00,1,,1,1,2
WF-e3f2bb30,MSN-3dabeb96,2026-09-09T08:12:00,1,,0,1,1
WF-61ef5b33,MSN-3dabeb96,2026-09-09T08:24:00,1,,0,1,2
WF-9251f809,MSN-1c55647f,2026-09-06T10:00:00,1,,1,1,1
WF-3fb33861,MSN-1c55647f,2026-09-06T10:12:00,1,,0,1,1
WF-058ee76c,MSN-1c55647f,2026-09-06T10:24:00,1,,0,1,0
WF-680d55cb,MSN-b551307c,2026-09-08T04:00:00,1,10.940305440520948,2,1,3
WF-a90d74ed,MSN-b551307c,2026-09-08T04:12:00,0,10.940305440520948,3,1,0
WF-e90fdfac,MSN-b551307c,2026-09-08T04:24:00,0,10.940305440520948,4,1,3
WF-8aecfb0f,MSN-e82637ea,2026-09-05T15:00:00,1,,2,1,2
WF-a69daea5,MSN-e82637ea,2026-09-05T15:12:00,1,,1,1,0
WF-3576116f,MSN-e82637ea,2026-09-05T15:24:00,1,,0,1,3
WF-6cd9885b,MSN-ca4b2e71,2026-09-13T05:00:00,1,,1,1,0
WF-746cf05f,MSN-ca4b2e71,2026-09-13T05:12:00,1,,0,1,3
WF-be4ec143,MSN-ca4b2e71,2026-09-13T05:24:00,1,,0,1,1
WF-3791e53b,MSN-5aee905d,2026-09-02T13:00:00,1,13.751805561254168,0,1,0
WF-7cfb3d8b,MSN-5aee905d,2026-09-02T13:12:00,0,13.751805561254168,1,1,1
WF-812b797f,MSN-5aee905d,2026-09-02T13:24:00,0,13.751805561254168,2,1,0
WF-4f4472f7,MSN-6a24a6d5,2026-09-09T14:00:00,1,,2,1,0
WF-82dd553e,MSN-6a24a6d5,2026-09-09T14:12:00,1,,1,1,3
WF-f63f3c68,MSN-6a24a6d5,2026-09-09T14:24:00,1,,0,1,1
WF-33b7501c,MSN-be402e9a,2026-09-15T23:00:00,1,,1,1,1
WF-94651cef,MSN-be402e9a,2026-09-15T23:12:00,1,,0,1,1
WF-c39da954,MSN-be402e9a,2026-09-15T23:24:00,1,,0,1,1
WF-83c9a7f0,MSN-1f519a61,2026-09-05T00:00:00,1,11.797123692899284,1,1,0
WF-007be893,MSN-1f519a61,2026-09-05T00:12:00,0,11.797123692899284,2,1,1
WF-b6726d80,MSN-1f519a61,2026-09-05T00:24:00,0,11.797123692899284,3,1,2
WF-cf5dcdbf,MSN-ec42fa88,2026-09-06T03:00:00,1,13.765441375994762,1,1,0
WF-71c12521,MSN-ec42fa88,2026-09-06T03:12:00,0,13.765441375994762,2,1,0
WF-48f5751d,MSN-ec42fa88,2026-09-06T03:24:00,0,13.765441375994762,3,1,0
WF-3822cdd5,MSN-29542d5a,2026-09-03T19:00:00,1,,0,1,0
WF-3034cc6a,MSN-29542d5a,2026-09-03T19:12:00,1,,0,1,3
WF-b0201d7d,MSN-29542d5a,2026-09-03T19:24:00,1,,0,1,1
WF-6d74ea56,MSN-d66f6240,2026-09-09T01:00:00,1,,0,1,2
WF-0b04442f,MSN-d66f6240,2026-09-09T01:12:00,1,,0,1,2
WF-abfd4fe6,MSN-d66f6240,2026-09-09T01:24:00,1,,0,1,3
WF-27efaba0,MSN-27fa760f,2026-09-05T05:00:00,1,,1,1,0
WF-be89cbdc,MSN-27fa760f,2026-09-05T05:12:00,1,,0,1,3
WF-75c4b1b1,MSN-27fa760f,2026-09-05T05:24:00,1,,0,1,3
WF-f3b7e22c,MSN-5262ef18,2026-09-04T08:00:00,1,,0,1,2
WF-b3eb1c5c,MSN-5262ef18,2026-09-04T08:12:00,1,,0,1,0
WF-fe8922a1,MSN-5262ef18,2026-09-04T08:24:00,1,,0,1,3
WF-f8556153,MSN-8c9ea972,2026-09-09T15:00:00,1,,1,1,2
WF-05376130,MSN-8c9ea972,2026-09-09T15:12:00,1,,0,1,3
WF-d50aa74a,MSN-8c9ea972,2026-09-09T15:24:00,1,,0,1,1
WF-67153634,MSN-0760bb85,2026-09-13T08:00:00,1,,0,1,0
WF-be71141c,MSN-0760bb85,2026-09-13T08:12:00,1,,0,1,0
WF-c896db6d,MSN-0760bb85,2026-09-13T08:24:00,1,,0,1,3
WF-b8806398,MSN-b7227a9e,2026-09-02T05:00:00,1,6.537033835696297,1,1,0
WF-4144f733,MSN-b7227a9e,2026-09-02T05:12:00,0,6.537033835696297,2,1,2
WF-480e1818,MSN-b7227a9e,2026-09-02T05:24:00,0,6.537033835696297,3,1,3
WF-9f2b8f2b,MSN-450186af,2026-09-05T20:00:00,1,,2,1,0
WF-5300beda,MSN-450186af,2026-09-05T20:12:00,1,,1,1,1
WF-a849dd7e,MSN-450186af,2026-09-05T20:24:00,1,,0,1,0
WF-5b14dfe4,MSN-775c6fe8,2026-09-02T06:00:00,1,,1,1,1
WF-640052b5,MSN-775c6fe8,2026-09-02T06:12:00,1,,0,1,1
WF-59fc1cc6,MSN-775c6fe8,2026-09-02T06:24:00,1,,0,1,1
WF-786142d5,MSN-f9270c4c,2026-09-15T03:00:00,1,5.1863029487123535,2,1,0
WF-0a5f3f51,MSN-f9270c4c,2026-09-15T03:12:00,0,5.1863029487123535,3,1,3
WF-10b15d87,MSN-f9270c4c,2026-09-15T03:24:00,0,5.1863029487123535,4,1,1
WF-3118e8b6,MSN-386b8bc2,2026-09-15T07:00:00,1,,1,1,3
WF-dba1109d,MSN-386b8bc2,2026-09-15T07:12:00,1,,0,1,3
WF-c5e612ec,MSN-386b8bc2,2026-09-15T07:24:00,1,,0,1,0
WF-88cea9ab,MSN-15997d5a,2026-09-03T15:00:00,1,,0,1,3
WF-42d2253d,MSN-15997d5a,2026-09-03T15:12:00,1,,0,1,3
WF-f21f46c7,MSN-15997d5a,2026-09-03T15:24:00,1,,0,1,1
WF-ca10afa6,MSN-484a68da,2026-09-16T07:00:00,1,,0,1,2
WF-0a488848,MSN-484a68da,2026-09-16T07:12:00,1,,0,1,1
WF-e08bea57,MSN-484a68da,2026-09-16T07:24:00,1,,0,1,1
WF-3a132db0,MSN-e80f88ce,2026-09-05T06:00:00,1,,2,1,0
WF-f3bdcbfa,MSN-e80f88ce,2026-09-05T06:12:00,1,,1,1,2
WF-6e92eebd,MSN-e80f88ce,2026-09-05T06:24:00,1,,0,1,3
WF-adffe81f,MSN-d88e5a73,2026-09-03T11:00:00,1,,2,1,2
WF-284e39e0,MSN-d88e5a73,2026-09-03T11:12:00,1,,1,1,2
WF-dbd4d655,MSN-d88e5a73,2026-09-03T11:24:00,1,,0,1,0
WF-d7742e38,MSN-3bd12c75,2026-09-02T21:00:00,1,,1,1,3
WF-9cb598f7,MSN-3bd12c75,2026-09-02T21:12:00,1,,0,1,3
WF-dfe5425a,MSN-3bd12c75,2026-09-02T21:24:00,1,,0,1,1
WF-38355686,MSN-c9863e07,2026-09-15T08:00:00,1,5.351549808945442,1,1,2
WF-41b6c3d5,MSN-c9863e07,2026-09-15T08:12:00,0,5.351549808945442,2,1,3
WF-c850d1c3,MSN-c9863e07,2026-09-15T08:24:00,0,5.351549808945442,3,1,3
WF-344088e7,MSN-80df832f,2026-09-10T04:00:00,1,,1,1,3
WF-feace697,MSN-80df832f,2026-09-10T04:12:00,1,,0,1,2
WF-407dda29,MSN-80df832f,2026-09-10T04:24:00,1,,0,1,0
WF-a1c8d330,MSN-b70797bf,2026-09-11T15:00:00,1,,0,1,2
WF-bea60854,MSN-b70797bf,2026-09-11T15:12:00,1,,0,1,0
WF-a337bc1f,MSN-b70797bf,2026-09-11T15:24:00,1,,0,1,3
WF-67aabf50,MSN-2383924c,2026-09-06T08:00:00,1,,0,1,2
WF-0d476685,MSN-2383924c,2026-09-06T08:12:00,1,,0,1,0
WF-3eb0f393,MSN-2383924c,2026-09-06T08:24:00,1,,0,1,3
WF-2a21cb5a,MSN-cf683e70,2026-09-13T12:00:00,1,,2,1,3
WF-ee6ac6e8,MSN-cf683e70,2026-09-13T12:12:00,1,,1,1,0
WF-d8bfb2b9,MSN-cf683e70,2026-09-13T12:24:00,1,,0,1,1
WF-4a4b12ed,MSN-6d05324c,2026-09-06T20:00:00,1,13.257052443848854,2,1,0
WF-57994752,MSN-6d05324c,2026-09-06T20:12:00,0,13.257052443848854,3,1,2
WF-05021c12,MSN-6d05324c,2026-09-06T20:24:00,0,13.257052443848854,4,1,0
WF-2263ae28,MSN-350642e1,2026-09-06T13:00:00,1,,1,1,2
WF-0dd65cb4,MSN-350642e1,2026-09-06T13:12:00,1,,0,1,0
WF-7d46e333,MSN-350642e1,2026-09-06T13:24:00,1,,0,1,2
WF-9ab93d64,MSN-f9244482,2026-09-11T10:00:00,1,,0,1,0
WF-654a864e,MSN-f9244482,2026-09-11T10:12:00,1,,0,1,3
WF-6052adef,MSN-f9244482,2026-09-11T10:24:00,1,,0,1,0
WF-03d2f5e8,MSN-ad9bac65,2026-09-03T05:00:00,1,,1,1,2
WF-d3d84b54,MSN-ad9bac65,2026-09-03T05:12:00,1,,0,1,3
WF-fc38d8e6,MSN-ad9bac65,2026-09-03T05:24:00,1,,0,1,1
WF-2c672ebd,MSN-79eeb2af,2026-09-09T05:00:00,1,,1,1,1
WF-8cb712c4,MSN-79eeb2af,2026-09-09T05:12:00,1,,0,1,1
WF-2a269af8,MSN-79eeb2af,2026-09-09T05:24:00,1,,0,1,0
WF-f0798432,MSN-2405c65c,2026-09-05T12:00:00,1,,2,1,2
WF-db47497e,MSN-2405c65c,2026-09-05T12:12:00,1,,1,1,3
WF-87decc22,MSN-2405c65c,2026-09-05T12:24:00,1,,0,1,3
WF-3ca7b840,MSN-41b4ef24,2026-09-16T19:00:00,1,9.66875902482762,0,1,0
WF-271984c7,MSN-41b4ef24,2026-09-16T19:12:00,0,9.66875902482762,1,1,2
WF-d54853e3,MSN-41b4ef24,2026-09-16T19:24:00,0,9.66875902482762,2,1,0
WF-d5400777,MSN-758f75e5,2026-09-14T10:00:00,1,8.9191676064568,2,1,3
WF-b6f646a6,MSN-758f75e5,2026-09-14T10:12:00,0,8.9191676064568,3,1,2
WF-87a8c3d2,MSN-758f75e5,2026-09-14T10:24:00,0,8.9191676064568,4,1,2
WF-a01d69d7,MSN-a7634743,2026-09-15T11:00:00,1,,2,1,2
WF-4a05ca38,MSN-a7634743,2026-09-15T11:12:00,1,,1,1,3
WF-f0e27e0d,MSN-a7634743,2026-09-15T11:24:00,1,,0,1,2
WF-303e56ae,MSN-b7194c7c,2026-09-14T17:00:00,1,,1,1,3
WF-71ce4b8e,MSN-b7194c7c,2026-09-14T17:12:00,1,,0,1,1
WF-041d506a,MSN-b7194c7c,2026-09-14T17:24:00,1,,0,1,2
WF-d6a5e499,MSN-a1ae2bd0,2026-09-04T04:00:00,1,,1,1,1
WF-ce83542d,MSN-a1ae2bd0,2026-09-04T04:12:00,1,,0,1,2
WF-976b95a4,MSN-a1ae2bd0,2026-09-04T04:24:00,1,,0,1,1
WF-becb6ae2,MSN-f441cef7,2026-09-04T22:00:00,1,,1,1,1
WF-269c4a05,MSN-f441cef7,2026-09-04T22:12:00,1,,0,1,3
WF-af3bf746,MSN-f441cef7,2026-09-04T22:24:00,1,,0,1,0
WF-092ed971,MSN-53d683c2,2026-09-06T00:00:00,1,,0,1,3
WF-cea12444,MSN-53d683c2,2026-09-06T00:12:00,1,,0,1,1
WF-ba0980cb,MSN-53d683c2,2026-09-06T00:24:00,1,,0,1,0
WF-265afbd4,MSN-e149daf1,2026-09-09T16:00:00,1,5.560544530877366,2,1,0
WF-56a42cae,MSN-e149daf1,2026-09-09T16:12:00,0,5.560544530877366,3,1,3
WF-98da57a0,MSN-e149daf1,2026-09-09T16:24:00,0,5.560544530877366,4,1,0
WF-7401b0d2,MSN-78b1612b,2026-09-11T02:00:00,1,7.026411401198168,1,1,3
WF-1b7d51e4,MSN-78b1612b,2026-09-11T02:12:00,0,7.026411401198168,2,1,2
WF-0149feda,MSN-78b1612b,2026-09-11T02:24:00,0,7.026411401198168,3,1,0
WF-0f0635c3,MSN-5e47fa04,2026-09-14T13:00:00,1,12.966129716427432,2,1,3
WF-5a9e15b2,MSN-5e47fa04,2026-09-14T13:12:00,0,12.966129716427432,3,1,3
WF-354f246c,MSN-5e47fa04,2026-09-14T13:24:00,0,12.966129716427432,4,1,1
WF-65785598,MSN-c1bcb2c5,2026-09-03T17:00:00,1,,0,1,1
WF-743d391f,MSN-c1bcb2c5,2026-09-03T17:12:00,1,,0,1,0
WF-ca967557,MSN-c1bcb2c5,2026-09-03T17:24:00,1,,0,1,3
WF-a0668ed7,MSN-fae221a5,2026-09-12T16:00:00,1,,1,1,1
WF-0dc94517,MSN-fae221a5,2026-09-12T16:12:00,1,,0,1,1
WF-05c5d774,MSN-fae221a5,2026-09-12T16:24:00,1,,0,1,2
WF-ba1cbb63,MSN-045d1394,2026-09-12T16:00:00,1,,1,1,0
WF-4d7f4f9f,MSN-045d1394,2026-09-12T16:12:00,1,,0,1,2
WF-9aa48640,MSN-045d1394,2026-09-12T16:24:00,1,,0,1,0
WF-65aea03b,MSN-35a046a4,2026-09-02T12:00:00,1,,1,1,3
WF-a40f2c1f,MSN-35a046a4,2026-09-02T12:12:00,1,,0,1,2
WF-d55d2169,MSN-35a046a4,2026-09-02T12:24:00,1,,0,1,0
WF-c4b73155,MSN-1f1cb607,2026-09-01T15:00:00,1,,0,1,0
WF-72992f3c,MSN-1f1cb607,2026-09-01T15:12:00,1,,0,1,3
WF-bbf03550,MSN-1f1cb607,2026-09-01T15:24:00,1,,0,1,3
WF-522428c3,MSN-529c14c4,2026-09-04T03:00:00,1,12.930551816507343,2,1,0
WF-12e352d6,MSN-529c14c4,2026-09-04T03:12:00,0,12.930551816507343,3,1,3
WF-81dc8ed2,MSN-529c14c4,2026-09-04T03:24:00,0,12.930551816507343,4,1,0
WF-1784149b,MSN-ecfdaca4,2026-09-17T15:00:00,1,,2,1,3
WF-aa6843eb,MSN-ecfdaca4,2026-09-17T15:12:00,1,,1,1,1
WF-bba19837,MSN-ecfdaca4,2026-09-17T15:24:00,1,,0,1,3
WF-c4695b8f,MSN-cad19889,2026-09-14T18:00:00,1,,1,1,1
WF-e5505004,MSN-cad19889,2026-09-14T18:12:00,1,,0,1,2
WF-fcb14e3a,MSN-cad19889,2026-09-14T18:24:00,1,,0,1,0
WF-cd9ba6ec,MSN-4c5fb762,2026-09-02T01:00:00,1,,1,1,3
WF-f1ab334a,MSN-4c5fb762,2026-09-02T01:12:00,1,,0,1,3
WF-3cd9bbfa,MSN-4c5fb762,2026-09-02T01:24:00,1,,0,1,1
WF-919a0023,MSN-8a52b583,2026-09-10T03:00:00,1,,1,1,1
WF-c9b6d45e,MSN-8a52b583,2026-09-10T03:12:00,1,,0,1,0
WF-1e685fd7,MSN-8a52b583,2026-09-10T03:24:00,1,,0,1,2
WF-dc21036b,MSN-b55b515c,2026-09-05T16:00:00,1,,1,1,1
WF-a2ade3f3,MSN-b55b515c,2026-09-05T16:12:00,1,,0,1,0
WF-699e15b4,MSN-b55b515c,2026-09-05T16:24:00,1,,0,1,0
WF-f40dc82c,MSN-3437a418,2026-09-06T11:00:00,1,,0,1,1
WF-a1e9bfc8,MSN-3437a418,2026-09-06T11:12:00,1,,0,1,1
WF-2b6e98f5,MSN-3437a418,2026-09-06T11:24:00,1,,0,1,2
WF-4b490417,MSN-f9083804,2026-09-13T13:00:00,1,,0,1,0
WF-f45095a5,MSN-f9083804,2026-09-13T13:12:00,1,,0,1,2
WF-21b51719,MSN-f9083804,2026-09-13T13:24:00,1,,0,1,2
WF-28c2f6eb,MSN-3b8ca280,2026-09-16T04:00:00,1,,1,1,0
WF-4bc678aa,MSN-3b8ca280,2026-09-16T04:12:00,1,,0,1,0
WF-13bc3156,MSN-3b8ca280,2026-09-16T04:24:00,1,,0,1,1
WF-6f360504,MSN-81b16d2e,2026-09-09T12:00:00,1,,0,1,0
WF-51586ded,MSN-81b16d2e,2026-09-09T12:12:00,1,,0,1,2
WF-f8e41487,MSN-81b16d2e,2026-09-09T12:24:00,1,,0,1,2
WF-1d872bfc,MSN-c374a6d5,2026-09-06T18:00:00,1,6.698664985876286,1,1,2
WF-be272405,MSN-c374a6d5,2026-09-06T18:12:00,0,6.698664985876286,2,1,3
WF-5bb6705c,MSN-c374a6d5,2026-09-06T18:24:00,0,6.698664985876286,3,1,1
WF-c5c025f8,MSN-106e54f6,2026-09-12T14:00:00,1,,2,1,0
WF-82db1d57,MSN-106e54f6,2026-09-12T14:12:00,1,,1,1,3
WF-18959ffc,MSN-106e54f6,2026-09-12T14:24:00,1,,0,1,2
WF-c15e2347,MSN-0c13e22d,2026-09-10T21:00:00,1,,0,1,0
WF-93d5736a,MSN-0c13e22d,2026-09-10T21:12:00,1,,0,1,2
WF-c9baa6bd,MSN-0c13e22d,2026-09-10T21:24:00,1,,0,1,3
