id,project_id,zone_id,task_type,objective_quantity,objective_unit,quality_tolerance_cm,deadline,safety_constraints,assigned_machine_id,assigned_operator_id,resources,naive_estimated_time_min,start_time,status,scenario_tag
MISSION-FALSE-IDLE,PRJ-001,ZONE-B,Trenching,378.9,m3,5.0,2026-09-01T14:00:00,"[""no_entry_zone_c""]",EXC-100,OP-1001,"{""trucks_required"": 2}",45,2026-09-01T08:00:00,complete,FALSE_IDLE
MISSION-ON-TIME-LOW-QUALITY,PRJ-001,ZONE-B,Grading,272.5,m3,5.0,2026-09-01T14:00:00,[],DOZ-201,OP-1002,"{""trucks_required"": 0}",35,2026-09-01T08:00:00,complete,ON_TIME_LOW_QUALITY
MISSION-OPERATOR-CONTEXT-MISMATCH,PRJ-001,ZONE-A,Earth Excavation,387.5,m3,5.0,2026-09-01T14:00:00,[],EXC-102,OP-1003,"{""trucks_required"": 2}",60,2026-09-01T08:00:00,complete,OPERATOR_CONTEXT_MISMATCH
MISSION-WHAT-IF-RECOVERY,PRJ-001,ZONE-C,Material Loading,318.7,m3,5.0,2026-09-01T14:00:00,[],DOZ-203,OP-1004,"{""trucks_required"": 2}",30,2026-09-01T08:00:00,complete,WHAT_IF_RECOVERY
MSN-b753a9ce,PRJ-001,ZONE-A,Material Loading,230.8,m3,5.0,2026-09-06T21:00:00,[],EXC-100,OP-1002,"{""trucks_required"": 2}",30,2026-09-06T15:00:00,complete,
MSN-23da5a81,PRJ-001,ZONE-A,Grading,226.1,m3,5.0,2026-09-10T14:00:00,[],DOZ-205,OP-1002,"{""trucks_required"": 0}",35,2026-09-10T08:00:00,complete,
MSN-888822c7,PRJ-001,ZONE-B,Grading,239.0,m3,5.0,2026-09-12T00:00:00,"[""no_entry_zone_c""]",DOZ-205,OP-1008,"{""trucks_required"": 0}",35,2026-09-11T18:00:00,complete,
MSN-1ac062bd,PRJ-001,ZONE-C,Material Loading,246.9,m3,5.0,2026-09-16T14:00:00,[],DOZ-205,OP-1009,"{""trucks_required"": 2}",30,2026-09-16T08:00:00,complete,
MSN-5a9693b3,PRJ-001,ZONE-D,Grading,296.3,m3,5.0,2026-09-11T20:00:00,[],EXC-104,OP-1001,"{""trucks_required"": 0}",35,2026-09-11T14:00:00,complete,
MSN-a5968e48,PRJ-001,ZONE-A,Material Loading,194.1,m3,5.0,2026-09-14T15:00:00,[],EXC-104,OP-1007,"{""trucks_required"": 2}",30,2026-09-14T09:00:00,complete,
MSN-f06f9c83,PRJ-001,ZONE-D,Trenching,280.9,m3,5.0,2026-09-04T06:00:00,"[""no_entry_zone_c""]",EXC-104,OP-1010,"{""trucks_required"": 2}",45,2026-09-04T00:00:00,complete,
MSN-2470aa9d,PRJ-001,ZONE-D,Grading,309.2,m3,5.0,2026-09-08T17:00:00,[],DOZ-205,OP-1008,"{""trucks_required"": 0}",35,2026-09-08T11:00:00,complete,
MSN-18c791aa,PRJ-001,ZONE-C,Grading,276.2,m3,5.0,2026-09-13T08:00:00,[],DOZ-203,OP-1001,"{""trucks_required"": 0}",35,2026-09-13T02:00:00,complete,
MSN-103f720a,PRJ-001,ZONE-D,Grading,293.0,m3,5.0,2026-09-05T16:00:00,[],EXC-102,OP-1009,"{""trucks_required"": 0}",35,2026-09-05T10:00:00,complete,
MSN-075c9ae6,PRJ-001,ZONE-B,Trenching,359.6,m3,5.0,2026-09-18T04:00:00,[],EXC-106,OP-1004,"{""trucks_required"": 2}",45,2026-09-17T22:00:00,complete,
MSN-aa006227,PRJ-001,ZONE-B,Grading,276.5,m3,5.0,2026-09-15T02:00:00,[],DOZ-201,OP-1001,"{""trucks_required"": 0}",35,2026-09-14T20:00:00,complete,
MSN-0658b7e7,PRJ-001,ZONE-D,Demolition,559.9,m3,5.0,2026-09-07T01:00:00,[],EXC-104,OP-1008,"{""trucks_required"": 0}",90,2026-09-06T19:00:00,complete,
MSN-77d6b533,PRJ-001,ZONE-D,Grading,236.3,m3,5.0,2026-09-07T17:00:00,[],EXC-100,OP-1010,"{""trucks_required"": 0}",35,2026-09-07T11:00:00,complete,
MSN-1d364534,PRJ-001,ZONE-B,Demolition,666.4,m3,5.0,2026-09-07T02:00:00,"[""no_entry_zone_c""]",EXC-104,OP-1006,"{""trucks_required"": 0}",90,2026-09-06T20:00:00,complete,
MSN-238c4057,PRJ-001,ZONE-A,Material Loading,254.1,m3,5.0,2026-09-14T20:00:00,[],DOZ-207,OP-1004,"{""trucks_required"": 2}",30,2026-09-14T14:00:00,complete,
MSN-c9d3aff1,PRJ-001,ZONE-C,Demolition,687.0,m3,5.0,2026-09-06T06:00:00,[],EXC-100,OP-1005,"{""trucks_required"": 0}",90,2026-09-06T00:00:00,complete,
MSN-4ac9f802,PRJ-001,ZONE-C,Demolition,575.1,m3,5.0,2026-09-18T03:00:00,[],DOZ-203,OP-1004,"{""trucks_required"": 0}",90,2026-09-17T21:00:00,complete,
MSN-53f66c37,PRJ-001,ZONE-D,Trenching,366.2,m3,5.0,2026-09-15T08:00:00,[],EXC-104,OP-1001,"{""trucks_required"": 2}",45,2026-09-15T02:00:00,complete,
MSN-7955f4c1,PRJ-001,ZONE-D,Trenching,394.6,m3,5.0,2026-09-17T04:00:00,"[""no_entry_zone_c""]",EXC-106,OP-1008,"{""trucks_required"": 2}",45,2026-09-16T22:00:00,complete,
MSN-0b1f11dc,PRJ-001,ZONE-C,Grading,295.9,m3,5.0,2026-09-04T01:00:00,[],DOZ-205,OP-1002,"{""trucks_required"": 0}",35,2026-09-03T19:00:00,complete,
MSN-e3c87070,PRJ-001,ZONE-D,Earth Excavation,467.3,m3,5.0,2026-09-10T13:00:00,[],DOZ-203,OP-1009,"{""trucks_required"": 2}",60,2026-09-10T07:00:00,complete,
MSN-0cbc3083,PRJ-001,ZONE-A,Trenching,382.5,m3,5.0,2026-09-01T18:00:00,[],DOZ-205,OP-1005,"{""trucks_required"": 2}",45,2026-09-01T12:00:00,complete,
MSN-7f0f8fb8,PRJ-001,ZONE-C,Demolition,677.7,m3,5.0,2026-09-17T12:00:00,[],EXC-106,OP-1002,"{""trucks_required"": 0}",90,2026-09-17T06:00:00,complete,
MSN-2656ecb5,PRJ-001,ZONE-C,Demolition,635.0,m3,5.0,2026-09-04T20:00:00,"[""no_entry_zone_c""]",DOZ-205,OP-1010,"{""trucks_required"": 0}",90,2026-09-04T14:00:00,complete,
MSN-56b26238,PRJ-001,ZONE-A,Grading,314.1,m3,5.0,2026-09-08T22:00:00,[],DOZ-207,OP-1001,"{""trucks_required"": 0}",35,2026-09-08T16:00:00,complete,
MSN-e1f0cd66,PRJ-001,ZONE-D,Demolition,720.9,m3,5.0,2026-09-04T09:00:00,[],EXC-104,OP-1006,"{""trucks_required"": 0}",90,2026-09-04T03:00:00,complete,
MSN-49e71b43,PRJ-001,ZONE-C,Demolition,758.4,m3,5.0,2026-09-17T23:00:00,[],EXC-100,OP-1009,"{""trucks_required"": 0}",90,2026-09-17T17:00:00,complete,
MSN-f1f978a5,PRJ-001,ZONE-D,Demolition,713.1,m3,5.0,2026-09-12T08:00:00,[],EXC-104,OP-1008,"{""trucks_required"": 0}",90,2026-09-12T02:00:00,complete,
MSN-fe194316,PRJ-001,ZONE-B,Grading,278.2,m3,5.0,2026-09-09T20:00:00,[],DOZ-205,OP-1009,"{""trucks_required"": 0}",35,2026-09-09T14:00:00,complete,
MSN-11a1b8cd,PRJ-001,ZONE-B,Material Loading,228.2,m3,5.0,2026-09-10T13:00:00,[],EXC-100,OP-1002,"{""trucks_required"": 2}",30,2026-09-10T07:00:00,complete,
MSN-a2931951,PRJ-001,ZONE-B,Earth Excavation,423.4,m3,5.0,2026-09-17T06:00:00,[],DOZ-205,OP-1002,"{""trucks_required"": 2}",60,2026-09-17T00:00:00,complete,
MSN-4e2691b3,PRJ-001,ZONE-A,Earth Excavation,449.3,m3,5.0,2026-09-09T11:00:00,[],EXC-104,OP-1006,"{""trucks_required"": 2}",60,2026-09-09T05:00:00,complete,
MSN-8753dce6,PRJ-001,ZONE-B,Earth Excavation,500.1,m3,5.0,2026-09-02T06:00:00,[],DOZ-205,OP-1007,"{""trucks_required"": 2}",60,2026-09-02T00:00:00,complete,
MSN-66af2079,PRJ-001,ZONE-A,Demolition,724.1,m3,5.0,2026-09-04T12:00:00,[],DOZ-203,OP-1008,"{""trucks_required"": 0}",90,2026-09-04T06:00:00,complete,
MSN-8b0c421d,PRJ-001,ZONE-C,Trenching,366.8,m3,5.0,2026-09-11T14:00:00,[],DOZ-205,OP-1001,"{""trucks_required"": 2}",45,2026-09-11T08:00:00,complete,
MSN-cc615aeb,PRJ-001,ZONE-C,Trenching,342.0,m3,5.0,2026-09-03T07:00:00,[],DOZ-205,OP-1004,"{""trucks_required"": 2}",45,2026-09-03T01:00:00,complete,
MSN-66418bc6,PRJ-001,ZONE-D,Earth Excavation,514.9,m3,5.0,2026-09-11T22:00:00,[],DOZ-207,OP-1003,"{""trucks_required"": 2}",60,2026-09-11T16:00:00,complete,
MSN-57189994,PRJ-001,ZONE-D,Material Loading,238.9,m3,5.0,2026-09-06T18:00:00,[],EXC-106,OP-1002,"{""trucks_required"": 2}",30,2026-09-06T12:00:00,complete,
MSN-b725c3da,PRJ-001,ZONE-B,Material Loading,222.6,m3,5.0,2026-09-14T11:00:00,[],EXC-102,OP-1006,"{""trucks_required"": 2}",30,2026-09-14T05:00:00,complete,
MSN-7927e1e4,PRJ-001,ZONE-A,Material Loading,189.9,m3,5.0,2026-09-14T01:00:00,"[""no_entry_zone_c""]",DOZ-203,OP-1010,"{""trucks_required"": 2}",30,2026-09-13T19:00:00,complete,
MSN-ae6cd7ce,PRJ-001,ZONE-C,Material Loading,242.1,m3,5.0,2026-09-13T12:00:00,[],DOZ-203,OP-1004,"{""trucks_required"": 2}",30,2026-09-13T06:00:00,complete,
MSN-17f18820,PRJ-001,ZONE-B,Material Loading,244.6,m3,5.0,2026-09-02T16:00:00,"[""no_entry_zone_c""]",DOZ-203,OP-1010,"{""trucks_required"": 2}",30,2026-09-02T10:00:00,complete,
MSN-7c5c9894,PRJ-001,ZONE-B,Earth Excavation,536.9,m3,5.0,2026-09-17T14:00:00,[],DOZ-207,OP-1007,"{""trucks_required"": 2}",60,2026-09-17T08:00:00,complete,
MSN-d1240808,PRJ-001,ZONE-C,Earth Excavation,464.8,m3,5.0,2026-09-06T22:00:00,[],DOZ-207,OP-1003,"{""trucks_required"": 2}",60,2026-09-06T16:00:00,complete,
MSN-d1af7a8d,PRJ-001,ZONE-B,Demolition,730.0,m3,5.0,2026-09-17T21:00:00,"[""no_entry_zone_c""]",DOZ-207,OP-1009,"{""trucks_required"": 0}",90,2026-09-17T15:00:00,complete,
MSN-900ab39d,PRJ-001,ZONE-C,Grading,254.5,m3,5.0,2026-09-17T01:00:00,[],DOZ-207,OP-1001,"{""trucks_required"": 0}",35,2026-09-16T19:00:00,complete,
MSN-99df625c,PRJ-001,ZONE-C,Grading,210.4,m3,5.0,2026-09-04T03:00:00,"[""no_entry_zone_c""]",EXC-102,OP-1009,"{""trucks_required"": 0}",35,2026-09-03T21:00:00,complete,
MSN-5a1a5897,PRJ-001,ZONE-A,Earth Excavation,370.2,m3,5.0,2026-09-06T20:00:00,[],DOZ-207,OP-1001,"{""trucks_required"": 2}",60,2026-09-06T14:00:00,complete,
MSN-861a34a2,PRJ-001,ZONE-C,Material Loading,252.5,m3,5.0,2026-09-09T15:00:00,[],EXC-102,OP-1007,"{""trucks_required"": 2}",30,2026-09-09T09:00:00,complete,
MSN-ad2fcffe,PRJ-001,ZONE-B,Material Loading,198.4,m3,5.0,2026-09-17T10:00:00,[],DOZ-203,OP-1001,"{""trucks_required"": 2}",30,2026-09-17T04:00:00,complete,
MSN-4525d573,PRJ-001,ZONE-D,Trenching,356.6,m3,5.0,2026-09-13T08:00:00,[],DOZ-203,OP-1007,"{""trucks_required"": 2}",45,2026-09-13T02:00:00,complete,
MSN-2660dafe,PRJ-001,ZONE-D,Grading,312.6,m3,5.0,2026-09-01T23:00:00,"[""no_entry_zone_c""]",DOZ-207,OP-1010,"{""trucks_required"": 0}",35,2026-09-01T17:00:00,complete,
MSN-aeccdb47,PRJ-001,ZONE-A,Trenching,337.5,m3,5.0,2026-09-10T06:00:00,[],EXC-100,OP-1002,"{""trucks_required"": 2}",45,2026-09-10T00:00:00,complete,
MSN-9c6db66e,PRJ-001,ZONE-B,Grading,293.0,m3,5.0,2026-09-13T17:00:00,[],EXC-102,OP-1005,"{""trucks_required"": 0}",35,2026-09-13T11:00:00,complete,
MSN-9073794c,PRJ-001,ZONE-A,Grading,284.7,m3,5.0,2026-09-18T02:00:00,[],EXC-106,OP-1010,"{""trucks_required"": 0}",35,2026-09-17T20:00:00,complete,
MSN-08081852,PRJ-001,ZONE-D,Material Loading,207.1,m3,5.0,2026-09-09T21:00:00,[],EXC-104,OP-1001,"{""trucks_required"": 2}",30,2026-09-09T15:00:00,complete,
MSN-c2a701b9,PRJ-001,ZONE-C,Demolition,605.5,m3,5.0,2026-09-05T09:00:00,[],DOZ-207,OP-1004,"{""trucks_required"": 0}",90,2026-09-05T03:00:00,complete,
MSN-cab60a5e,PRJ-001,ZONE-B,Grading,271.1,m3,5.0,2026-09-07T00:00:00,[],EXC-104,OP-1003,"{""trucks_required"": 0}",35,2026-09-06T18:00:00,complete,
MSN-837b1826,PRJ-001,ZONE-A,Grading,256.8,m3,5.0,2026-09-01T20:00:00,[],EXC-106,OP-1006,"{""trucks_required"": 0}",35,2026-09-01T14:00:00,complete,
MSN-48387671,PRJ-001,ZONE-A,Earth Excavation,504.0,m3,5.0,2026-09-08T00:00:00,[],DOZ-205,OP-1008,"{""trucks_required"": 2}",60,2026-09-07T18:00:00,complete,
MSN-96d10f58,PRJ-001,ZONE-D,Demolition,705.1,m3,5.0,2026-09-04T01:00:00,[],DOZ-203,OP-1006,"{""trucks_required"": 0}",90,2026-09-03T19:00:00,complete,
MSN-8285f98e,PRJ-001,ZONE-B,Demolition,773.7,m3,5.0,2026-09-13T11:00:00,[],DOZ-207,OP-1003,"{""trucks_required"": 0}",90,2026-09-13T05:00:00,complete,
MSN-503af11d,PRJ-001,ZONE-A,Trenching,367.1,m3,5.0,2026-09-13T20:00:00,[],DOZ-207,OP-1010,"{""trucks_required"": 2}",45,2026-09-13T14:00:00,complete,
MSN-c6e5db53,PRJ-001,ZONE-B,Earth Excavation,522.0,m3,5.0,2026-09-08T12:00:00,[],EXC-104,OP-1009,"{""trucks_required"": 2}",60,2026-09-08T06:00:00,complete,
MSN-ae3a8a2a,PRJ-001,ZONE-A,Material Loading,256.5,m3,5.0,2026-09-18T03:00:00,[],DOZ-205,OP-1008,"{""trucks_required"": 2}",30,2026-09-17T21:00:00,complete,
MSN-ec636ebe,PRJ-001,ZONE-B,Earth Excavation,476.8,m3,5.0,2026-09-15T11:00:00,"[""no_entry_zone_c""]",DOZ-203,OP-1007,"{""trucks_required"": 2}",60,2026-09-15T05:00:00,complete,
MSN-6d74660d,PRJ-001,ZONE-B,Material Loading,211.6,m3,5.0,2026-09-15T07:00:00,[],EXC-106,OP-1003,"{""trucks_required"": 2}",30,2026-09-15T01:00:00,complete,
MSN-c3690229,PRJ-001,ZONE-A,Demolition,804.0,m3,5.0,2026-09-06T17:00:00,[],EXC-104,OP-1007,"{""trucks_required"": 0}",90,2026-09-06T11:00:00,complete,
MSN-9329f826,PRJ-001,ZONE-A,Demolition,803.1,m3,5.0,2026-09-15T06:00:00,[],EXC-106,OP-1007,"{""trucks_required"": 0}",90,2026-09-15T00:00:00,complete,
MSN-1ee7b812,PRJ-001,ZONE-B,Trenching,287.1,m3,5.0,2026-09-12T05:00:00,[],EXC-100,OP-1003,"{""trucks_required"": 2}",45,2026-09-11T23:00:00,complete,
MSN-05eecebf,PRJ-001,ZONE-D,Earth Excavation,478.0,m3,5.0,2026-09-04T19:00:00,[],DOZ-205,OP-1008,"{""trucks_required"": 2}",60,2026-09-04T13:00:00,complete,
MSN-845a7889,PRJ-001,ZONE-B,Trenching,301.5,m3,5.0,2026-09-17T06:00:00,[],DOZ-207,OP-1010,"{""trucks_required"": 2}",45,2026-09-17T00:00:00,complete,
MSN-bb6e0a2a,PRJ-001,ZONE-D,Earth Excavation,513.2,m3,5.0,2026-09-03T05:00:00,[],EXC-102,OP-1009,"{""trucks_required"": 2}",60,2026-09-02T23:00:00,complete,
MSN-44cbbd6b,PRJ-001,ZONE-B,Material Loading,203.4,m3,5.0,2026-09-08T14:00:00,[],EXC-100,OP-1010,"{""trucks_required"": 2}",30,2026-09-08T08:00:00,complete,
MSN-83693ffa,PRJ-001,ZONE-A,Grading,213.1,m3,5.0,2026-09-02T12:00:00,[],DOZ-205,OP-1002,"{""trucks_required"": 0}",35,2026-09-02T06:00:00,complete,
MSN-b00913a1,PRJ-001,ZONE-D,Demolition,644.9,m3,5.0,2026-09-16T20:00:00,[],EXC-100,OP-1009,"{""trucks_required"": 0}",90,2026-09-16T14:00:00,complete,
MSN-323824e9,PRJ-001,ZONE-C,Earth Excavation,486.6,m3,5.0,2026-09-05T07:00:00,[],EXC-106,OP-1004,"{""trucks_required"": 2}",60,2026-09-05T01:00:00,complete,
MSN-259177b7,PRJ-001,ZONE-A,Trenching,291.3,m3,5.0,2026-09-09T14:00:00,[],DOZ-205,OP-1009,"{""trucks_required"": 2}",45,2026-09-09T08:00:00,complete,
MSN-4c4f1882,PRJ-001,ZONE-A,Earth Excavation,475.0,m3,5.0,2026-09-06T16:00:00,[],DOZ-205,OP-1003,"{""trucks_required"": 2}",60,2026-09-06T10:00:00,complete,
MSN-55bc559b,PRJ-001,ZONE-A,Earth Excavation,458.5,m3,5.0,2026-09-08T10:00:00,[],EXC-104,OP-1001,"{""trucks_required"": 2}",60,2026-09-08T04:00:00,complete,
MSN-547d1a2e,PRJ-001,ZONE-D,Material Loading,190.4,m3,5.0,2026-09-05T21:00:00,[],EXC-104,OP-1002,"{""trucks_required"": 2}",30,2026-09-05T15:00:00,complete,
MSN-5b9a2d5e,PRJ-001,ZONE-B,Grading,294.0,m3,5.0,2026-09-11T18:00:00,[],DOZ-207,OP-1007,"{""trucks_required"": 0}",35,2026-09-11T12:00:00,complete,
MSN-f860be9f,PRJ-001,ZONE-D,Material Loading,250.8,m3,5.0,2026-09-13T11:00:00,[],DOZ-201,OP-1002,"{""trucks_required"": 2}",30,2026-09-13T05:00:00,complete,
MSN-9c7dd829,PRJ-001,ZONE-A,Grading,304.2,m3,5.0,2026-09-10T01:00:00,"[""no_entry_zone_c""]",EXC-106,OP-1010,"{""trucks_required"": 0}",35,2026-09-09T19:00:00,complete,
MSN-b6953047,PRJ-001,ZONE-C,Trenching,340.8,m3,5.0,2026-09-02T19:00:00,[],DOZ-207,OP-1007,"{""trucks_required"": 2}",45,2026-09-02T13:00:00,complete,
MSN-d397ff47,PRJ-001,ZONE-A,Material Loading,198.6,m3,5.0,2026-09-09T20:00:00,[],EXC-104,OP-1002,"{""trucks_required"": 2}",30,2026-09-09T14:00:00,complete,
MSN-7fabcda7,PRJ-001,ZONE-C,Earth Excavation,407.0,m3,5.0,2026-09-16T05:00:00,[],EXC-104,OP-1006,"{""trucks_required"": 2}",60,2026-09-15T23:00:00,complete,
MSN-7af95011,PRJ-001,ZONE-C,Trenching,379.1,m3,5.0,2026-09-05T06:00:00,[],DOZ-205,OP-1008,"{""trucks_required"": 2}",45,2026-09-05T00:00:00,complete,
MSN-a87312aa,PRJ-001,ZONE-B,Grading,285.1,m3,5.0,2026-09-08T22:00:00,[],EXC-102,OP-1003,"{""trucks_required"": 0}",35,2026-09-08T16:00:00,complete,
MSN-829d4c08,PRJ-001,ZONE-C,Grading,287.0,m3,5.0,2026-09-01T22:00:00,[],DOZ-203,OP-1001,"{""trucks_required"": 0}",35,2026-09-01T16:00:00,complete,
MSN-fa544437,PRJ-001,ZONE-B,Trenching,319.5,m3,5.0,2026-09-06T09:00:00,[],EXC-100,OP-1007,"{""trucks_required"": 2}",45,2026-09-06T03:00:00,complete,
MSN-48b822c2,PRJ-001,ZONE-C,Earth Excavation,535.2,m3,5.0,2026-09-04T01:00:00,[],DOZ-201,OP-1010,"{""trucks_required"": 2}",60,2026-09-03T19:00:00,complete,
MSN-568211c0,PRJ-001,ZONE-C,Earth Excavation,368.3,m3,5.0,2026-09-09T07:00:00,[],EXC-100,OP-1003,"{""trucks_required"": 2}",60,2026-09-09T01:00:00,complete,
MSN-7df80094,PRJ-001,ZONE-D,Trenching,368.2,m3,5.0,2026-09-05T11:00:00,[],DOZ-207,OP-1010,"{""trucks_required"": 2}",45,2026-09-05T05:00:00,complete,
MSN-3443c4cd,PRJ-001,ZONE-A,Grading,288.9,m3,5.0,2026-09-15T08:00:00,[],EXC-100,OP-1009,"{""trucks_required"": 0}",35,2026-09-15T02:00:00,complete,
MSN-b8dc5cd0,PRJ-001,ZONE-A,Grading,257.9,m3,5.0,2026-09-14T12:00:00,[],EXC-100,OP-1009,"{""trucks_required"": 0}",35,2026-09-14T06:00:00,complete,
MSN-e7882fb5,PRJ-001,ZONE-D,Material Loading,263.7,m3,5.0,2026-09-04T14:00:00,[],EXC-102,OP-1001,"{""trucks_required"": 2}",30,2026-09-04T08:00:00,complete,
MSN-f4008eee,PRJ-001,ZONE-A,Trenching,393.6,m3,5.0,2026-09-09T21:00:00,[],EXC-102,OP-1003,"{""trucks_required"": 2}",45,2026-09-09T15:00:00,complete,
MSN-3e148e12,PRJ-001,ZONE-C,Trenching,383.6,m3,5.0,2026-09-13T14:00:00,[],DOZ-201,OP-1006,"{""trucks_required"": 2}",45,2026-09-13T08:00:00,complete,
MSN-96966a48,PRJ-001,ZONE-A,Demolition,543.5,m3,5.0,2026-09-09T18:00:00,[],EXC-104,OP-1009,"{""trucks_required"": 0}",90,2026-09-09T12:00:00,complete,
MSN-80427608,PRJ-001,ZONE-D,Earth Excavation,419.5,m3,5.0,2026-09-02T11:00:00,[],DOZ-201,OP-1003,"{""trucks_required"": 2}",60,2026-09-02T05:00:00,complete,
MSN-97c3f1fd,PRJ-001,ZONE-A,Demolition,550.8,m3,5.0,2026-09-15T21:00:00,[],EXC-100,OP-1009,"{""trucks_required"": 0}",90,2026-09-15T15:00:00,complete,
MSN-93562aa8,PRJ-001,ZONE-A,Trenching,364.9,m3,5.0,2026-09-06T02:00:00,[],EXC-100,OP-1009,"{""trucks_required"": 2}",45,2026-09-05T20:00:00,complete,
MSN-4ae19562,PRJ-001,ZONE-A,Demolition,646.7,m3,5.0,2026-09-07T19:00:00,[],DOZ-205,OP-1002,"{""trucks_required"": 0}",90,2026-09-07T13:00:00,complete,
MSN-d362d204,PRJ-001,ZONE-A,Earth Excavation,494.7,m3,5.0,2026-09-02T12:00:00,[],EXC-102,OP-1009,"{""trucks_required"": 2}",60,2026-09-02T06:00:00,complete,
MSN-216b7fd5,PRJ-001,ZONE-B,Demolition,661.7,m3,5.0,2026-09-15T22:00:00,[],DOZ-205,OP-1006,"{""trucks_required"": 0}",90,2026-09-15T16:00:00,complete,
MSN-50801300,PRJ-001,ZONE-B,Material Loading,259.8,m3,5.0,2026-09-15T09:00:00,"[""no_entry_zone_c""]",DOZ-201,OP-1008,"{""trucks_required"": 2}",30,2026-09-15T03:00:00,complete,
MSN-95705c97,PRJ-001,ZONE-D,Demolition,636.9,m3,5.0,2026-09-05T00:00:00,[],EXC-102,OP-1009,"{""trucks_required"": 0}",90,2026-09-04T18:00:00,complete,
MSN-c8d43844,PRJ-001,ZONE-D,Material Loading,267.5,m3,5.0,2026-09-15T13:00:00,[],EXC-102,OP-1010,"{""trucks_required"": 2}",30,2026-09-15T07:00:00,complete,
MSN-1ead811b,PRJ-001,ZONE-B,Demolition,579.7,m3,5.0,2026-09-02T13:00:00,[],EXC-100,OP-1007,"{""trucks_required"": 0}",90,2026-09-02T07:00:00,complete,
MSN-503d5047,PRJ-001,ZONE-C,Demolition,644.1,m3,5.0,2026-09-05T04:00:00,"[""no_entry_zone_c""]",EXC-102,OP-1010,"{""trucks_required"": 0}",90,2026-09-04T22:00:00,complete,
MSN-7008c574,PRJ-001,ZONE-D,Grading,305.3,m3,5.0,2026-09-06T12:00:00,[],EXC-100,OP-1006,"{""trucks_required"": 0}",35,2026-09-06T06:00:00,complete,
MSN-561e74c9,PRJ-001,ZONE-C,Trenching,352.6,m3,5.0,2026-09-03T21:00:00,[],EXC-106,OP-1006,"{""trucks_required"": 2}",45,2026-09-03T15:00:00,complete,
MSN-0455e7d5,PRJ-001,ZONE-D,Demolition,611.0,m3,5.0,2026-09-15T04:00:00,[],EXC-102,OP-1001,"{""trucks_required"": 0}",90,2026-09-14T22:00:00,complete,
MSN-c6465967,PRJ-001,ZONE-A,Demolition,635.3,m3,5.0,2026-09-09T07:00:00,[],EXC-102,OP-1004,"{""trucks_required"": 0}",90,2026-09-09T01:00:00,complete,
MSN-839accf1,PRJ-001,ZONE-D,Grading,310.5,m3,5.0,2026-09-12T10:00:00,[],EXC-102,OP-1005,"{""trucks_required"": 0}",35,2026-09-12T04:00:00,complete,
MSN-4457262a,PRJ-001,ZONE-A,Trenching,344.9,m3,5.0,2026-09-16T13:00:00,[],DOZ-205,OP-1007,"{""trucks_required"": 2}",45,2026-09-16T07:00:00,complete,
MSN-ef452870,PRJ-001,ZONE-D,Material Loading,184.9,m3,5.0,2026-09-05T12:00:00,[],EXC-104,OP-1008,"{""trucks_required"": 2}",30,2026-09-05T06:00:00,complete,
MSN-29cd343e,PRJ-001,ZONE-D,Demolition,694.3,m3,5.0,2026-09-06T02:00:00,[],DOZ-207,OP-1003,"{""trucks_required"": 0}",90,2026-09-05T20:00:00,complete,
MSN-a408bb57,PRJ-001,ZONE-D,Material Loading,220.5,m3,5.0,2026-09-03T17:00:00,[],EXC-100,OP-1010,"{""trucks_required"": 2}",30,2026-09-03T11:00:00,complete,
MSN-15dc4724,PRJ-001,ZONE-D,Trenching,357.0,m3,5.0,2026-09-03T03:00:00,[],EXC-106,OP-1006,"{""trucks_required"": 2}",45,2026-09-02T21:00:00,complete,
MSN-40e6170e,PRJ-001,ZONE-A,Earth Excavation,382.8,m3,5.0,2026-09-15T14:00:00,[],EXC-102,OP-1010,"{""trucks_required"": 2}",60,2026-09-15T08:00:00,complete,
MSN-8a072ef6,PRJ-001,ZONE-C,Trenching,308.7,m3,5.0,2026-09-10T10:00:00,[],EXC-104,OP-1008,"{""trucks_required"": 2}",45,2026-09-10T04:00:00,complete,
MSN-d4f032f3,PRJ-001,ZONE-C,Demolition,613.5,m3,5.0,2026-09-10T10:00:00,[],EXC-104,OP-1005,"{""trucks_required"": 0}",90,2026-09-10T04:00:00,complete,
MSN-6ec48869,PRJ-001,ZONE-A,Grading,304.0,m3,5.0,2026-09-17T15:00:00,[],DOZ-205,OP-1001,"{""trucks_required"": 0}",35,2026-09-17T09:00:00,complete,
MSN-6a976144,PRJ-001,ZONE-C,Trenching,285.2,m3,5.0,2026-09-11T21:00:00,[],DOZ-201,OP-1001,"{""trucks_required"": 2}",45,2026-09-11T15:00:00,complete,
MSN-72b862f7,PRJ-001,ZONE-D,Trenching,296.1,m3,5.0,2026-09-06T14:00:00,[],EXC-102,OP-1002,"{""trucks_required"": 2}",45,2026-09-06T08:00:00,complete,
MSN-4aa6bb09,PRJ-001,ZONE-C,Demolition,591.3,m3,5.0,2026-09-18T04:00:00,[],EXC-100,OP-1003,"{""trucks_required"": 0}",90,2026-09-17T22:00:00,complete,
MSN-c00c5059,PRJ-001,ZONE-A,Grading,303.4,m3,5.0,2026-09-09T10:00:00,"[""no_entry_zone_c""]",EXC-104,OP-1009,"{""trucks_required"": 0}",35,2026-09-09T04:00:00,complete,
MSN-a59150e9,PRJ-001,ZONE-B,Trenching,356.2,m3,5.0,2026-09-13T18:00:00,[],DOZ-203,OP-1004,"{""trucks_required"": 2}",45,2026-09-13T12:00:00,complete,
MSN-afc69903,PRJ-001,ZONE-C,Demolition,679.8,m3,5.0,2026-09-11T06:00:00,[],EXC-104,OP-1007,"{""trucks_required"": 0}",90,2026-09-11T00:00:00,complete,
MSN-a6ce9372,PRJ-001,ZONE-B,Material Loading,245.1,m3,5.0,2026-09-07T02:00:00,[],DOZ-203,OP-1010,"{""trucks_required"": 2}",30,2026-09-06T20:00:00,complete,
MSN-c0998952,PRJ-001,ZONE-C,Grading,314.7,m3,5.0,2026-09-13T03:00:00,[],EXC-100,OP-1009,"{""trucks_required"": 0}",35,2026-09-12T21:00:00,complete,
MSN-6c3e070c,PRJ-001,ZONE-B,Trenching,360.7,m3,5.0,2026-09-06T19:00:00,[],DOZ-203,OP-1010,"{""trucks_required"": 2}",45,2026-09-06T13:00:00,complete,
MSN-a1b17acd,PRJ-001,ZONE-D,Material Loading,203.3,m3,5.0,2026-09-11T16:00:00,[],EXC-104,OP-1002,"{""trucks_required"": 2}",30,2026-09-11T10:00:00,complete,
MSN-17bab94c,PRJ-001,ZONE-C,Grading,307.3,m3,5.0,2026-09-11T23:00:00,"[""no_entry_zone_c""]",DOZ-201,OP-1007,"{""trucks_required"": 0}",35,2026-09-11T17:00:00,complete,
MSN-6b96f136,PRJ-001,ZONE-B,Material Loading,217.6,m3,5.0,2026-09-03T11:00:00,[],EXC-106,OP-1006,"{""trucks_required"": 2}",30,2026-09-03T05:00:00,complete,
MSN-ffabaf6f,PRJ-001,ZONE-C,Demolition,659.6,m3,5.0,2026-09-04T17:00:00,[],EXC-102,OP-1002,"{""trucks_required"": 0}",90,2026-09-04T11:00:00,complete,
MSN-0d919364,PRJ-001,ZONE-D,Demolition,789.9,m3,5.0,2026-09-12T02:00:00,[],EXC-102,OP-1006,"{""trucks_required"": 0}",90,2026-09-11T20:00:00,complete,
MSN-8227dbfb,PRJ-001,ZONE-A,Grading,313.3,m3,5.0,2026-09-11T06:00:00,"[""no_entry_zone_c""]",EXC-100,OP-1010,"{""trucks_required"": 0}",35,2026-09-11T00:00:00,complete,
MSN-e7c4924f,PRJ-001,ZONE-B,Grading,212.6,m3,5.0,2026-09-18T05:00:00,[],DOZ-201,OP-1009,"{""trucks_required"": 0}",35,2026-09-17T23:00:00,complete,
MSN-cda63438,PRJ-001,ZONE-B,Grading,290.7,m3,5.0,2026-09-05T02:00:00,[],DOZ-205,OP-1003,"{""trucks_required"": 0}",35,2026-09-04T20:00:00,complete,
MSN-0fef9c5f,PRJ-001,ZONE-B,Grading,215.8,m3,5.0,2026-09-13T07:00:00,[],EXC-100,OP-1010,"{""trucks_required"": 0}",35,2026-09-13T01:00:00,complete,
MSN-11a3719b,PRJ-001,ZONE-C,Material Loading,191.0,m3,5.0,2026-09-09T11:00:00,[],EXC-104,OP-1002,"{""trucks_required"": 2}",30,2026-09-09T05:00:00,complete,
MSN-38d50941,PRJ-001,ZONE-B,Grading,293.7,m3,5.0,2026-09-14T15:00:00,[],DOZ-207,OP-1008,"{""trucks_required"": 0}",35,2026-09-14T09:00:00,complete,
MSN-d335f1b0,PRJ-001,ZONE-B,Material Loading,238.1,m3,5.0,2026-09-05T18:00:00,[],EXC-100,OP-1010,"{""trucks_required"": 2}",30,2026-09-05T12:00:00,complete,
MSN-9191b1f2,PRJ-001,ZONE-B,Demolition,674.2,m3,5.0,2026-09-14T07:00:00,[],EXC-106,OP-1010,"{""trucks_required"": 0}",90,2026-09-14T01:00:00,complete,
MSN-99719ee5,PRJ-001,ZONE-B,Trenching,362.8,m3,5.0,2026-09-17T01:00:00,[],EXC-102,OP-1002,"{""trucks_required"": 2}",45,2026-09-16T19:00:00,complete,
MSN-360931dd,PRJ-001,ZONE-C,Material Loading,184.5,m3,5.0,2026-09-14T16:00:00,[],DOZ-201,OP-1003,"{""trucks_required"": 2}",30,2026-09-14T10:00:00,complete,
MSN-ed69f325,PRJ-001,ZONE-B,Demolition,557.6,m3,5.0,2026-09-16T13:00:00,"[""no_entry_zone_c""]",EXC-106,OP-1006,"{""trucks_required"": 0}",90,2026-09-16T07:00:00,complete,
MSN-955cfe2e,PRJ-001,ZONE-A,Demolition,632.4,m3,5.0,2026-09-08T21:00:00,[],EXC-106,OP-1008,"{""trucks_required"": 0}",90,2026-09-08T15:00:00,complete,
MSN-e6b416f0,PRJ-001,ZONE-B,Earth Excavation,482.7,m3,5.0,2026-09-15T17:00:00,[],EXC-100,OP-1003,"{""trucks_required"": 2}",60,2026-09-15T11:00:00,complete,
MSN-19afccaa,PRJ-001,ZONE-D,Material Loading,192.5,m3,5.0,2026-09-14T23:00:00,[],EXC-106,OP-1004,"{""trucks_required"": 2}",30,2026-09-14T17:00:00,complete,
MSN-93147c77,PRJ-001,ZONE-D,Grading,284.8,m3,5.0,2026-09-09T04:00:00,[],DOZ-207,OP-1009,"{""trucks_required"": 0}",35,2026-09-08T22:00:00,complete,
MSN-b2c8195d,PRJ-001,ZONE-C,Demolition,666.7,m3,5.0,2026-09-14T16:00:00,[],DOZ-201,OP-1008,"{""trucks_required"": 0}",90,2026-09-14T10:00:00,complete,
MSN-e8150a73,PRJ-001,ZONE-C,Earth Excavation,523.8,m3,5.0,2026-09-04T10:00:00,[],EXC-104,OP-1002,"{""trucks_required"": 2}",60,2026-09-04T04:00:00,complete,
MSN-d4ce9185,PRJ-001,ZONE-A,Material Loading,201.0,m3,5.0,2026-09-05T04:00:00,[],DOZ-201,OP-1005,"{""trucks_required"": 2}",30,2026-09-04T22:00:00,complete,
MSN-6d998579,PRJ-001,ZONE-C,Demolition,543.2,m3,5.0,2026-09-16T01:00:00,"[""no_entry_zone_c""]",DOZ-203,OP-1004,"{""trucks_required"": 0}",90,2026-09-15T19:00:00,complete,
MSN-464356df,PRJ-001,ZONE-A,Demolition,808.7,m3,5.0,2026-09-16T11:00:00,[],EXC-102,OP-1010,"{""trucks_required"": 0}",90,2026-09-16T05:00:00,complete,
MSN-910b39a5,PRJ-001,ZONE-D,Trenching,279.5,m3,5.0,2026-09-06T06:00:00,[],EXC-102,OP-1002,"{""trucks_required"": 2}",45,2026-09-06T00:00:00,complete,
MSN-dc72f462,PRJ-001,ZONE-C,Grading,299.6,m3,5.0,2026-09-16T04:00:00,[],DOZ-205,OP-1009,"{""trucks_required"": 0}",35,2026-09-15T22:00:00,complete,
MSN-17e52e09,PRJ-001,ZONE-D,Trenching,330.7,m3,5.0,2026-09-09T22:00:00,[],DOZ-203,OP-1010,"{""trucks_required"": 2}",45,2026-09-09T16:00:00,complete,
MSN-801bc0ee,PRJ-001,ZONE-A,Trenching,350.3,m3,5.0,2026-09-11T08:00:00,[],EXC-104,OP-1001,"{""trucks_required"": 2}",45,2026-09-11T02:00:00,complete,
MSN-237993da,PRJ-001,ZONE-D,Demolition,652.4,m3,5.0,2026-09-03T08:00:00,[],EXC-100,OP-1003,"{""trucks_required"": 0}",90,2026-09-03T02:00:00,complete,
MSN-bb563414,PRJ-001,ZONE-A,Earth Excavation,478.7,m3,5.0,2026-09-14T19:00:00,[],DOZ-201,OP-1004,"{""trucks_required"": 2}",60,2026-09-14T13:00:00,complete,
MSN-6123c11e,PRJ-001,ZONE-B,Grading,287.5,m3,5.0,2026-09-17T13:00:00,[],EXC-106,OP-1006,"{""trucks_required"": 0}",35,2026-09-17T07:00:00,complete,
MSN-b5556626,PRJ-001,ZONE-B,Earth Excavation,388.2,m3,5.0,2026-09-03T23:00:00,[],EXC-104,OP-1001,"{""trucks_required"": 2}",60,2026-09-03T17:00:00,complete,
MSN-21d89a15,PRJ-001,ZONE-D,Earth Excavation,375.0,m3,5.0,2026-09-12T22:00:00,[],EXC-100,OP-1008,"{""trucks_required"": 2}",60,2026-09-12T16:00:00,complete,
MSN-a18b53df,PRJ-001,ZONE-C,Earth Excavation,397.3,m3,5.0,2026-09-12T22:00:00,[],EXC-106,OP-1002,"{""trucks_required"": 2}",60,2026-09-12T16:00:00,complete,
MSN-1e282f39,PRJ-001,ZONE-C,Trenching,365.8,m3,5.0,2026-09-02T18:00:00,[],EXC-106,OP-1005,"{""trucks_required"": 2}",45,2026-09-02T12:00:00,complete,
MSN-e65776b3,PRJ-001,ZONE-B,Grading,270.8,m3,5.0,2026-09-02T23:00:00,[],EXC-104,OP-1001,"{""trucks_required"": 0}",35,2026-09-02T17:00:00,complete,
MSN-3ea20715,PRJ-001,ZONE-C,Grading,256.3,m3,5.0,2026-09-05T12:00:00,[],EXC-102,OP-1010,"{""trucks_required"": 0}",35,2026-09-05T06:00:00,complete,
MSN-5ccad1af,PRJ-001,ZONE-D,Demolition,570.3,m3,5.0,2026-09-07T19:00:00,[],EXC-104,OP-1006,"{""trucks_required"": 0}",90,2026-09-07T13:00:00,complete,
MSN-af0f1e4a,PRJ-001,ZONE-B,Grading,285.2,m3,5.0,2026-09-12T02:00:00,[],EXC-106,OP-1002,"{""trucks_required"": 0}",35,2026-09-11T20:00:00,complete,
MSN-f482c446,PRJ-001,ZONE-C,Demolition,641.5,m3,5.0,2026-09-11T18:00:00,"[""no_entry_zone_c""]",DOZ-203,OP-1003,"{""trucks_required"": 0}",90,2026-09-11T12:00:00,complete,
MSN-5e8e9bd2,PRJ-001,ZONE-C,Grading,253.8,m3,5.0,2026-09-08T00:00:00,[],EXC-102,OP-1001,"{""trucks_required"": 0}",35,2026-09-07T18:00:00,complete,
MSN-256c228e,PRJ-001,ZONE-A,Demolition,653.3,m3,5.0,2026-09-04T17:00:00,[],EXC-102,OP-1005,"{""trucks_required"": 0}",90,2026-09-04T11:00:00,complete,
MSN-9e56d545,PRJ-001,ZONE-B,Material Loading,194.7,m3,5.0,2026-09-01T21:00:00,[],DOZ-205,OP-1010,"{""trucks_required"": 2}",30,2026-09-01T15:00:00,complete,
MSN-c12243ce,PRJ-001,ZONE-B,Trenching,372.2,m3,5.0,2026-09-04T09:00:00,"[""no_entry_zone_c""]",EXC-102,OP-1005,"{""trucks_required"": 2}",45,2026-09-04T03:00:00,complete,
MSN-3a2cab39,PRJ-001,ZONE-A,Demolition,743.6,m3,5.0,2026-09-03T17:00:00,"[""no_entry_zone_c""]",DOZ-203,OP-1010,"{""trucks_required"": 0}",90,2026-09-03T11:00:00,complete,
MSN-bfc87ad1,PRJ-001,ZONE-D,Material Loading,214.6,m3,5.0,2026-09-17T21:00:00,[],EXC-102,OP-1002,"{""trucks_required"": 2}",30,2026-09-17T15:00:00,complete,
MSN-33e940bd,PRJ-001,ZONE-B,Grading,234.5,m3,5.0,2026-09-03T00:00:00,[],DOZ-201,OP-1010,"{""trucks_required"": 0}",35,2026-09-02T18:00:00,complete,
MSN-c0775fab,PRJ-001,ZONE-B,Earth Excavation,364.8,m3,5.0,2026-09-15T00:00:00,[],DOZ-207,OP-1008,"{""trucks_required"": 2}",60,2026-09-14T18:00:00,complete,
MSN-1917cdbc,PRJ-001,ZONE-A,Material Loading,215.0,m3,5.0,2026-09-02T07:00:00,[],DOZ-207,OP-1008,"{""trucks_required"": 2}",30,2026-09-02T01:00:00,complete,
MSN-091b4424,PRJ-001,ZONE-C,Material Loading,261.9,m3,5.0,2026-09-10T09:00:00,"[""no_entry_zone_c""]",DOZ-205,OP-1007,"{""trucks_required"": 2}",30,2026-09-10T03:00:00,complete,
MSN-5b831a21,PRJ-001,ZONE-D,Material Loading,205.9,m3,5.0,2026-09-05T22:00:00,"[""no_entry_zone_c""]",DOZ-205,OP-1005,"{""trucks_required"": 2}",30,2026-09-05T16:00:00,complete,
MSN-493d6aec,PRJ-001,ZONE-B,Demolition,784.8,m3,5.0,2026-09-15T17:00:00,[],DOZ-207,OP-1010,"{""trucks_required"": 0}",90,2026-09-15T11:00:00,complete,
MSN-53dd9b8d,PRJ-001,ZONE-D,Trenching,345.6,m3,5.0,2026-09-06T17:00:00,[],DOZ-203,OP-1010,"{""trucks_required"": 2}",45,2026-09-06T11:00:00,complete,
MSN-a8dde452,PRJ-001,ZONE-A,Earth Excavation,527.7,m3,5.0,2026-09-13T19:00:00,[],DOZ-203,OP-1003,"{""trucks_required"": 2}",60,2026-09-13T13:00:00,complete,
MSN-d2775799,PRJ-001,ZONE-B,Grading,213.7,m3,5.0,2026-09-09T08:00:00,[],EXC-104,OP-1004,"{""trucks_required"": 0}",35,2026-09-09T02:00:00,complete,
MSN-06abb03c,PRJ-001,ZONE-A,Grading,295.3,m3,5.0,2026-09-17T18:00:00,[],EXC-104,OP-1005,"{""trucks_required"": 0}",35,2026-09-17T12:00:00,complete,
MSN-9e87bfcc,PRJ-001,ZONE-D,Material Loading,192.2,m3,5.0,2026-09-16T10:00:00,[],DOZ-205,OP-1009,"{""trucks_required"": 2}",30,2026-09-16T04:00:00,complete,
MSN-b2f04f30,PRJ-001,ZONE-B,Grading,312.3,m3,5.0,2026-09-02T01:00:00,[],EXC-106,OP-1007,"{""trucks_required"": 0}",35,2026-09-01T19:00:00,complete,
MSN-fe1d7291,PRJ-001,ZONE-D,Trenching,361.4,m3,5.0,2026-09-09T18:00:00,[],EXC-104,OP-1005,"{""trucks_required"": 2}",45,2026-09-09T12:00:00,complete,
MSN-d2ece45d,PRJ-001,ZONE-A,Trenching,390.5,m3,5.0,2026-09-07T00:00:00,"[""no_entry_zone_c""]",EXC-100,OP-1006,"{""trucks_required"": 2}",45,2026-09-06T18:00:00,complete,
MSN-be63ab79,PRJ-001,ZONE-B,Grading,237.3,m3,5.0,2026-09-13T11:00:00,[],DOZ-207,OP-1006,"{""trucks_required"": 0}",35,2026-09-13T05:00:00,complete,
MSN-3dcf365e,PRJ-001,ZONE-A,Trenching,389.8,m3,5.0,2026-09-12T20:00:00,"[""no_entry_zone_c""]",DOZ-203,OP-1005,"{""trucks_required"": 2}",45,2026-09-12T14:00:00,complete,
MSN-787b76d3,PRJ-001,ZONE-C,Demolition,604.8,m3,5.0,2026-09-02T19:00:00,[],EXC-104,OP-1001,"{""trucks_required"": 0}",90,2026-09-02T13:00:00,complete,
MSN-41b5f397,PRJ-001,ZONE-D,Earth Excavation,426.3,m3,5.0,2026-09-11T03:00:00,[],DOZ-203,OP-1009,"{""trucks_required"": 2}",60,2026-09-10T21:00:00,complete,
