id,mission_id,actual_duration_min,actual_fuel_l,quantity_completed,quality_score,rework_flag,safety_event_count,delay_reason
OUT-9575f618,MISSION-FALSE-IDLE,72.7,4.4,357.3,0.62,0,0,truck
OUT-9a5ca94e,MISSION-ON-TIME-LOW-QUALITY,34.0,4.0,260.8,0.14,1,0,weather
OUT-1abbf901,MISSION-OPERATOR-CONTEXT-MISMATCH,98.3,7.5,375.6,0.23,1,0,operator
OUT-938ee380,MISSION-WHAT-IF-RECOVERY,55.7,2.9,318.7,0.82,0,0,truck
OUT-6a5e181b,MSN-b753a9ce,29.8,1.7,221.8,0.78,0,0,operator
OUT-f881012b,MSN-23da5a81,57.1,4.2,220.3,0.4,1,0,weather
OUT-cfabb043,MSN-888822c7,37.8,3.3,232.6,0.65,0,0,operator
OUT-2732e260,MSN-1ac062bd,39.3,2.7,241.5,0.75,0,0,weather
OUT-223537a4,MSN-5a9693b3,43.1,2.4,294.7,0.68,0,0,operator
OUT-294f1000,MSN-a5968e48,50.3,3.5,183.3,0.48,1,0,operator
OUT-85b27ac4,MSN-f06f9c83,73.9,5.6,274.7,0.42,1,0,weather
OUT-d2735c1b,MSN-2470aa9d,44.8,3.0,302.2,0.57,0,0,operator
OUT-c18c2683,MSN-18c791aa,41.8,2.4,273.5,0.63,0,0,operator
OUT-5d6d2c47,MSN-103f720a,45.0,3.7,291.8,0.55,0,0,operator
OUT-e00414e2,MSN-075c9ae6,60.0,4.0,358.6,0.56,0,0,operator
OUT-643c301a,MSN-aa006227,50.1,4.1,268.2,0.48,1,0,operator
OUT-f728e83d,MSN-0658b7e7,104.8,8.0,527.0,0.82,0,0,machine
OUT-bfb8e921,MSN-77d6b533,41.5,2.4,224.0,0.77,0,0,weather
OUT-1e3dd5ab,MSN-1d364534,109.4,8.0,659.3,0.7,0,0,weather
OUT-7549dc1c,MSN-238c4057,34.5,2.6,251.6,0.8,0,0,weather
OUT-60d7556e,MSN-c9d3aff1,115.3,7.5,648.6,0.61,0,0,operator
OUT-d32aa20e,MSN-4ac9f802,98.5,6.0,556.2,0.79,0,0,none
OUT-d642f9be,MSN-53f66c37,62.9,4.4,353.7,0.57,0,0,operator
OUT-a7c09e67,MSN-7955f4c1,56.6,4.1,374.6,0.6,0,0,operator
OUT-24531313,MSN-0b1f11dc,36.9,3.6,291.3,0.72,0,0,weather
OUT-0c07655a,MSN-e3c87070,77.8,4.5,465.8,0.82,0,0,truck
OUT-f5ad769a,MSN-0cbc3083,84.3,4.9,365.1,0.46,1,0,truck
OUT-40f04280,MSN-7f0f8fb8,105.9,7.7,664.7,0.76,0,0,weather
OUT-fd5d7b85,MSN-2656ecb5,102.0,7.1,609.2,0.76,0,0,weather
OUT-d6c0ac9b,MSN-56b26238,50.3,4.3,301.5,0.53,1,0,weather
OUT-b923b80f,MSN-e1f0cd66,138.5,9.4,699.6,0.54,1,0,weather
OUT-39ce28c8,MSN-49e71b43,130.6,9.3,743.8,0.52,1,0,weather
OUT-d8a916d7,MSN-f1f978a5,117.2,8.8,710.1,0.66,0,0,operator
OUT-f75b4ced,MSN-fe194316,43.5,3.8,263.4,0.54,1,0,operator
OUT-a782783e,MSN-11a1b8cd,33.3,2.7,218.0,0.77,0,0,weather
OUT-89ffcae9,MSN-a2931951,69.9,5.6,419.9,0.62,0,0,operator
OUT-dfbe59b8,MSN-4e2691b3,85.0,6.3,429.7,0.48,1,0,operator
OUT-50abdd6e,MSN-8753dce6,65.6,5.1,476.5,0.88,0,0,machine
OUT-d3554d8c,MSN-66af2079,100.1,6.3,715.1,0.8,0,0,weather
OUT-fa5e3a56,MSN-8b0c421d,77.0,5.7,351.5,0.39,1,0,weather
OUT-53929713,MSN-cc615aeb,62.1,3.0,327.6,0.8,0,0,truck
OUT-fb1282e5,MSN-66418bc6,111.9,6.9,499.4,0.18,1,0,operator
OUT-10de938a,MSN-57189994,37.9,2.4,230.2,0.7,0,0,weather
OUT-95cf8c58,MSN-b725c3da,42.2,3.2,217.2,0.58,0,0,weather
OUT-7b98291e,MSN-7927e1e4,36.7,2.6,186.2,0.7,0,0,weather
OUT-8b1f48ac,MSN-ae6cd7ce,35.2,3.2,241.1,0.76,0,0,weather
OUT-8c95a5c6,MSN-17f18820,30.6,3.1,243.6,0.82,0,0,weather
OUT-82a047c2,MSN-7c5c9894,83.2,5.4,507.5,0.58,0,0,operator
OUT-2e1e82fe,MSN-d1240808,71.3,5.5,457.8,0.6,0,0,operator
OUT-e2e12bfa,MSN-d1af7a8d,98.1,7.1,692.0,0.84,0,0,machine
OUT-8bb5b45e,MSN-900ab39d,41.8,3.9,252.5,0.63,0,0,operator
OUT-bb5cb936,MSN-99df625c,43.0,3.1,200.8,0.6,0,0,operator
OUT-2ea4336e,MSN-5a1a5897,76.0,5.7,365.4,0.58,0,0,operator
OUT-b884cc09,MSN-861a34a2,45.2,2.7,244.6,0.34,1,0,weather
OUT-46b3f5f9,MSN-ad2fcffe,31.9,3.0,190.0,0.76,0,0,operator
OUT-8e2b7a09,MSN-4525d573,64.5,3.9,339.9,0.76,0,0,truck
OUT-8a011e7a,MSN-2660dafe,39.6,3.3,312.4,0.83,0,0,none
OUT-52511c19,MSN-aeccdb47,51.1,4.0,332.5,0.83,0,0,none
OUT-0be9ab92,MSN-9c6db66e,45.4,2.9,281.7,0.64,0,0,weather
OUT-421d4fd4,MSN-9073794c,41.5,2.5,277.8,0.73,0,0,weather
OUT-d13fc9c5,MSN-08081852,56.6,3.5,198.4,0.46,1,0,operator
OUT-d994927c,MSN-c2a701b9,125.3,8.1,598.9,0.52,1,0,operator
OUT-0ed0299a,MSN-cab60a5e,62.5,4.1,264.0,0.35,1,0,weather
OUT-ecdb7e72,MSN-837b1826,39.4,2.8,246.8,0.81,0,0,weather
OUT-afb934a1,MSN-48387671,76.5,4.7,491.2,0.73,0,0,weather
OUT-fdbbe3a1,MSN-96d10f58,98.8,6.8,688.0,0.82,0,0,none
OUT-b7a31b75,MSN-8285f98e,103.2,7.1,752.2,0.7,0,0,operator
OUT-d3e9d4dd,MSN-503af11d,65.0,5.1,363.0,0.51,1,0,weather
OUT-e1f82e7e,MSN-c6e5db53,86.3,4.8,512.4,0.67,0,0,truck
OUT-eba13f8e,MSN-ae3a8a2a,40.2,3.1,247.9,0.52,1,0,operator
OUT-03b2696b,MSN-ec636ebe,69.5,5.1,451.1,0.66,0,0,operator
OUT-1693e87c,MSN-6d74660d,40.4,2.6,201.5,0.36,1,0,operator
OUT-ddb09dbf,MSN-c3690229,110.2,8.3,780.2,0.76,0,0,weather
OUT-74892ccc,MSN-9329f826,151.4,10.7,769.8,0.28,1,0,weather
OUT-868e0f3f,MSN-1ee7b812,47.5,4.0,270.6,0.78,0,0,weather
OUT-2267bbeb,MSN-05eecebf,81.4,4.0,470.5,0.79,0,0,truck
OUT-626ac7c7,MSN-845a7889,61.6,3.6,291.7,0.7,0,0,weather
OUT-27f98c82,MSN-bb6e0a2a,68.8,4.6,507.3,0.75,0,0,weather
OUT-5f208af4,MSN-44cbbd6b,54.3,2.5,193.6,0.5,1,0,weather
OUT-224a9302,MSN-83693ffa,54.6,3.6,205.7,0.4,1,0,weather
OUT-cd054329,MSN-b00913a1,93.8,7.2,626.9,0.86,0,0,none
OUT-41a9ab09,MSN-323824e9,87.9,5.7,474.5,0.39,1,0,weather
OUT-d6405135,MSN-259177b7,76.0,4.8,285.0,0.39,1,0,weather
OUT-71375234,MSN-4c4f1882,88.5,6.3,451.1,0.41,1,0,operator
OUT-dd33c3d0,MSN-55bc559b,114.8,7.9,435.2,0.25,1,0,operator
OUT-0cae313c,MSN-547d1a2e,36.1,2.3,185.3,0.76,0,0,operator
OUT-acbc6805,MSN-5b9a2d5e,51.7,4.3,291.1,0.4,1,0,weather
OUT-6f2aaf7f,MSN-f860be9f,35.0,2.9,238.3,0.75,0,0,operator
OUT-43c80da6,MSN-9c7dd829,38.9,2.6,289.4,0.76,0,0,weather
OUT-133a9802,MSN-b6953047,74.8,4.4,327.4,0.62,0,0,truck
OUT-5f8e38d9,MSN-d397ff47,51.4,2.9,193.6,0.32,1,0,operator
OUT-b1f771c9,MSN-7fabcda7,72.8,5.4,391.0,0.78,0,0,weather
OUT-75ba2f93,MSN-7af95011,100.6,5.9,368.4,0.17,1,0,weather
OUT-cb9f51b5,MSN-a87312aa,40.6,2.4,275.3,0.73,0,0,operator
OUT-005490c2,MSN-829d4c08,41.8,2.5,276.0,0.62,0,0,operator
OUT-3ee66bd5,MSN-fa544437,61.5,4.0,308.4,0.76,0,0,truck
OUT-fe110207,MSN-48b822c2,72.9,4.7,511.6,0.71,0,0,weather
OUT-f0c43a45,MSN-568211c0,74.2,5.7,367.9,0.6,0,0,operator
OUT-f565aa6e,MSN-7df80094,47.8,3.3,356.8,0.84,0,0,weather
OUT-94955a6e,MSN-3443c4cd,43.2,3.3,273.3,0.51,1,0,operator
OUT-4386eeac,MSN-b8dc5cd0,47.6,3.8,250.9,0.55,0,0,operator
OUT-0e3ba562,MSN-e7882fb5,53.5,4.0,262.5,0.2,1,0,weather
OUT-9bff81a4,MSN-f4008eee,71.4,5.5,393.2,0.37,1,0,weather
OUT-cfea6330,MSN-3e148e12,61.2,3.8,377.7,0.58,0,0,operator
OUT-e8476e7d,MSN-96966a48,105.1,7.7,543.0,0.81,0,0,machine
OUT-5a851348,MSN-80427608,81.0,4.5,399.8,0.59,0,0,operator
OUT-6f3320a3,MSN-97c3f1fd,106.6,6.6,549.1,0.76,0,0,weather
OUT-9d5831cf,MSN-93562aa8,55.6,3.4,359.6,0.59,0,0,operator
OUT-44050ee4,MSN-4ae19562,101.1,6.4,645.0,0.77,0,0,weather
OUT-8ed5337c,MSN-d362d204,70.0,4.3,470.9,0.81,0,0,weather
OUT-5acffba0,MSN-216b7fd5,109.8,7.6,640.4,0.73,0,0,weather
OUT-3a23def3,MSN-50801300,58.9,3.9,257.4,0.18,1,0,weather
OUT-7e2d84d0,MSN-95705c97,120.2,8.3,630.6,0.6,0,0,weather
OUT-b9448613,MSN-c8d43844,32.0,2.1,259.1,0.75,0,0,weather
OUT-5308b2fa,MSN-1ead811b,95.8,6.5,573.8,0.83,0,0,none
OUT-4e516342,MSN-503d5047,102.5,6.9,640.1,0.82,0,0,weather
OUT-62e43407,MSN-7008c574,46.0,3.0,293.9,0.61,0,0,weather
OUT-6e9af654,MSN-561e74c9,68.5,4.4,348.4,0.44,1,0,weather
OUT-52f897d8,MSN-0455e7d5,136.3,9.9,581.5,0.44,1,0,weather
OUT-c50a5255,MSN-c6465967,106.6,7.7,614.5,0.73,0,0,weather
OUT-b024cec1,MSN-839accf1,40.0,3.2,304.5,0.83,0,0,weather
OUT-c5a64911,MSN-4457262a,70.3,5.5,341.8,0.35,1,0,weather
OUT-d9180164,MSN-ef452870,47.3,3.2,179.0,0.51,1,0,operator
OUT-b5bddbb0,MSN-29cd343e,114.8,8.1,685.4,0.65,0,0,operator
OUT-fd4868fb,MSN-a408bb57,31.9,2.7,215.6,0.83,0,0,weather
OUT-856f0447,MSN-15dc4724,50.8,4.2,346.8,0.64,0,0,operator
OUT-775e1885,MSN-40e6170e,73.5,4.4,370.9,0.79,0,0,truck
OUT-86ff45d7,MSN-8a072ef6,79.9,5.6,299.7,0.26,1,0,operator
OUT-eee7b272,MSN-d4f032f3,124.7,8.1,613.4,0.61,0,0,weather
OUT-a35980aa,MSN-6ec48869,59.6,5.2,302.8,0.21,1,0,weather
OUT-f7997c74,MSN-6a976144,52.8,3.3,274.2,0.61,0,0,weather
OUT-dfcf15c5,MSN-72b862f7,69.2,4.9,286.4,0.41,1,0,weather
OUT-a70575bc,MSN-4aa6bb09,106.9,7.2,576.1,0.66,0,0,operator
OUT-d0e5db97,MSN-c00c5059,51.8,4.0,287.0,0.43,1,0,weather
OUT-e2e230e5,MSN-a59150e9,55.5,3.9,347.8,0.7,0,0,weather
OUT-fdeb307c,MSN-afc69903,107.6,7.1,645.4,0.76,0,0,weather
OUT-7b4e9392,MSN-a6ce9372,47.4,1.9,239.7,0.81,0,0,truck
OUT-2821c250,MSN-c0998952,43.9,2.5,304.9,0.58,0,0,operator
OUT-6a3b4e4d,MSN-6c3e070c,49.2,4.1,357.9,0.79,0,0,weather
OUT-c323f2b5,MSN-a1b17acd,31.2,2.1,201.7,0.81,0,0,machine
OUT-358fc52d,MSN-17bab94c,42.5,2.8,306.3,0.68,0,0,weather
OUT-c3c51c71,MSN-6b96f136,33.0,2.7,208.7,0.68,0,0,operator
OUT-98243e3d,MSN-ffabaf6f,112.4,7.2,625.3,0.72,0,0,weather
OUT-f83b971d,MSN-0d919364,108.2,6.9,776.6,0.73,0,0,weather
OUT-6dea4ba0,MSN-8227dbfb,44.3,3.8,310.1,0.68,0,0,weather
OUT-2dfc9b0d,MSN-e7c4924f,47.7,3.8,204.7,0.6,0,0,operator
OUT-61e41c5e,MSN-cda63438,39.7,2.5,281.2,0.72,0,0,weather
OUT-da4fd253,MSN-0fef9c5f,34.3,2.9,212.6,0.79,0,0,none
OUT-a643418c,MSN-11a3719b,47.0,3.5,186.6,0.42,1,0,operator
OUT-2559c564,MSN-38d50941,48.6,3.3,288.2,0.56,0,0,operator
OUT-4927505a,MSN-d335f1b0,28.4,2.4,237.9,0.85,0,0,none
OUT-14b10474,MSN-9191b1f2,139.0,8.8,665.1,0.43,1,0,weather
OUT-b0706b54,MSN-99719ee5,74.2,5.2,346.9,0.48,1,1,truck
OUT-d62c327d,MSN-360931dd,46.5,3.3,175.0,0.65,0,0,truck
OUT-8820ee5f,MSN-ed69f325,105.4,6.8,544.9,0.77,0,0,weather
OUT-c3ea4ec8,MSN-955cfe2e,96.2,6.9,606.9,0.85,0,0,none
OUT-d6d0ae6e,MSN-e6b416f0,71.8,5.2,456.9,0.65,0,0,operator
OUT-cbabff53,MSN-19afccaa,39.0,2.2,188.1,0.56,0,0,operator
OUT-20ada50d,MSN-93147c77,47.7,2.7,276.7,0.53,1,0,operator
OUT-f6107183,MSN-b2c8195d,98.9,7.0,638.2,0.87,0,0,none
OUT-fdc5f31b,MSN-e8150a73,77.4,5.8,510.5,0.63,0,0,operator
OUT-5c8e0d1b,MSN-d4ce9185,34.7,2.2,192.0,0.85,0,0,weather
OUT-79d95602,MSN-6d998579,102.4,6.7,513.4,0.73,0,0,weather
OUT-c7de58f4,MSN-464356df,95.6,6.9,789.8,0.89,0,0,none
OUT-dcb49829,MSN-910b39a5,55.1,3.5,262.8,0.71,0,0,weather
OUT-9703bd68,MSN-dc72f462,44.9,2.8,284.1,0.58,0,0,operator
OUT-b2d76248,MSN-17e52e09,53.3,3.4,324.8,0.83,0,0,truck
OUT-db554101,MSN-801bc0ee,60.9,3.3,332.1,0.72,0,0,truck
OUT-a30a9547,MSN-237993da,104.4,6.7,626.9,0.64,0,0,operator
OUT-ab99bd59,MSN-bb563414,88.7,4.4,475.7,0.8,0,0,truck
OUT-8823641d,MSN-6123c11e,43.0,3.2,276.0,0.58,0,0,weather
OUT-ad43a2e7,MSN-b5556626,116.5,8.8,374.6,0.14,1,0,weather
OUT-44e2f54a,MSN-21d89a15,68.4,4.1,366.6,0.75,0,0,operator
OUT-a32209f3,MSN-a18b53df,71.2,5.2,391.4,0.62,0,0,operator
OUT-d3a8f035,MSN-1e282f39,49.6,2.7,354.3,0.9,0,0,none
OUT-249f2b5c,MSN-e65776b3,44.8,3.5,260.3,0.63,0,0,operator
OUT-db98e783,MSN-3ea20715,48.2,3.6,243.3,0.5,1,0,operator
OUT-8a5f6aab,MSN-5ccad1af,113.2,7.1,554.5,0.69,0,0,weather
OUT-80c0c0f3,MSN-af0f1e4a,48.4,3.5,270.5,0.43,1,0,weather
OUT-df6cba25,MSN-f482c446,122.9,8.1,624.5,0.51,1,0,weather
OUT-7e718937,MSN-5e8e9bd2,41.5,2.6,244.3,0.61,0,0,operator
OUT-a2bfe8dc,MSN-256c228e,103.7,7.3,624.7,0.64,0,0,operator
OUT-a8d41e28,MSN-9e56d545,29.3,1.9,193.0,0.86,0,0,none
OUT-248eeb70,MSN-c12243ce,80.7,4.7,353.5,0.42,1,0,weather
OUT-0250df0a,MSN-3a2cab39,152.3,10.8,704.0,0.32,1,0,weather
OUT-8c49109b,MSN-bfc87ad1,36.3,2.0,203.3,0.76,0,0,operator
OUT-209747d7,MSN-33e940bd,43.9,3.4,231.2,0.68,0,0,weather
OUT-13409b44,MSN-c0775fab,73.0,5.1,351.3,0.68,0,0,weather
OUT-7a577e43,MSN-1917cdbc,40.8,3.0,212.0,0.45,1,0,operator
OUT-0f38b8c7,MSN-091b4424,38.2,2.6,254.1,0.6,0,0,operator
OUT-41378bd4,MSN-5b831a21,30.7,2.5,204.4,0.84,0,0,weather
OUT-3df7f878,MSN-493d6aec,116.8,7.8,776.5,0.53,1,0,operator
OUT-485e8c86,MSN-53dd9b8d,44.9,3.8,343.5,0.82,0,0,none
OUT-bf073d7f,MSN-a8dde452,77.5,5.7,506.1,0.6,0,0,operator
OUT-6e91b626,MSN-d2775799,40.3,3.8,212.5,0.73,0,0,weather
OUT-772a73bc,MSN-06abb03c,41.5,2.5,286.6,0.75,0,0,operator
OUT-0c4ace01,MSN-9e87bfcc,35.7,2.9,183.0,0.8,0,0,weather
OUT-c3155341,MSN-b2f04f30,39.2,2.9,297.8,0.69,0,0,weather
OUT-7641d697,MSN-fe1d7291,47.1,3.0,340.8,0.87,0,0,none
OUT-a1c4b613,MSN-d2ece45d,67.0,4.1,379.2,0.57,0,0,truck
OUT-4334a6c3,MSN-be63ab79,48.0,3.8,225.6,0.77,0,0,weather
OUT-4d290825,MSN-3dcf365e,73.1,5.4,388.6,0.41,1,0,weather
OUT-128e0100,MSN-787b76d3,112.1,7.5,581.5,0.65,0,0,machine
OUT-8b247396,MSN-41b5f397,106.3,7.6,414.8,0.22,1,0,weather
