id,mission_id,machine_id,operator_id,timestamp,engine_hours,fuel_used_l,load_cycles,idle_minutes,seatbelt_status,occupancy_signal,machine_speed_kph,machine_moving,control_smoothness_score,safety_alert_triggered,safety_signal_pattern
TEL-3c4e2547,MISSION-FALSE-IDLE,EXC-100,OP-1001,2026-09-01T08:00:00,4894.7,1.1,9,0.0,Fastened,1,3.0,1,0.44,0,normal
TEL-62fba672,MISSION-FALSE-IDLE,EXC-100,OP-1001,2026-09-01T08:18:10,4894.9,2.2,18,5.2,Fastened,1,8.2,1,0.44,0,normal
TEL-ccd1a4b9,MISSION-FALSE-IDLE,EXC-100,OP-1001,2026-09-01T08:36:20,4895.1,3.3,27,5.2,Fastened,1,0.0,0,0.44,0,normal
TEL-f4c6ad1b,MISSION-FALSE-IDLE,EXC-100,OP-1001,2026-09-01T08:54:30,4895.3,4.4,36,5.2,Fastened,1,3.5,1,0.44,0,normal
TEL-e653b140,MISSION-ON-TIME-LOW-QUALITY,DOZ-201,OP-1002,2026-09-01T08:00:00,237.7,1.0,6,0.0,Fastened,1,0.0,0,0.39,0,normal
TEL-6a4e45ed,MISSION-ON-TIME-LOW-QUALITY,DOZ-201,OP-1002,2026-09-01T08:13:13,237.9,2.0,12,0.0,Fastened,1,8.3,1,0.39,0,normal
TEL-7535ab78,MISSION-ON-TIME-LOW-QUALITY,DOZ-201,OP-1002,2026-09-01T08:26:26,238.1,3.0,18,0.0,Fastened,1,5.3,1,0.39,0,normal
TEL-948befef,MISSION-ON-TIME-LOW-QUALITY,DOZ-201,OP-1002,2026-09-01T08:39:39,238.3,4.0,24,0.0,Fastened,1,3.7,1,0.39,0,normal
TEL-1765f40a,MISSION-OPERATOR-CONTEXT-MISMATCH,EXC-102,OP-1003,2026-09-01T08:00:00,4873.8,1.9,8,0.0,Fastened,1,8.0,1,0.35,0,normal
TEL-e7428e50,MISSION-OPERATOR-CONTEXT-MISMATCH,EXC-102,OP-1003,2026-09-01T08:24:33,4874.0,3.8,16,0.0,Unfastened,1,4.7,1,0.35,0,normal
TEL-70cade70,MISSION-OPERATOR-CONTEXT-MISMATCH,EXC-102,OP-1003,2026-09-01T08:49:07,4874.2,5.6,24,0.0,Fastened,1,7.3,1,0.35,0,normal
TEL-c4a78ca6,MISSION-OPERATOR-CONTEXT-MISMATCH,EXC-102,OP-1003,2026-09-01T09:13:41,4874.4,7.5,32,0.0,Fastened,1,0.0,0,0.35,0,normal
TEL-368c2968,MISSION-WHAT-IF-RECOVERY,DOZ-203,OP-1004,2026-09-01T08:00:00,4249.2,0.7,8,0.0,Fastened,1,4.3,1,0.47,0,normal
TEL-7e76c8d3,MISSION-WHAT-IF-RECOVERY,DOZ-203,OP-1004,2026-09-01T08:13:55,4249.4,1.4,16,8.1,Fastened,1,4.4,1,0.47,0,normal
TEL-bae51d36,MISSION-WHAT-IF-RECOVERY,DOZ-203,OP-1004,2026-09-01T08:27:50,4249.6,2.2,24,8.1,Fastened,1,8.7,1,0.47,0,normal
TEL-748e6ca6,MISSION-WHAT-IF-RECOVERY,DOZ-203,OP-1004,2026-09-01T08:41:45,4249.8,2.9,32,8.1,Fastened,1,7.8,1,0.47,0,normal
TEL-65f70123,MSN-b753a9ce,EXC-100,OP-1002,2026-09-06T15:00:00,4895.9,0.4,5,0.0,Fastened,1,8.7,1,0.47,0,normal
TEL-2c2d8b68,MSN-b753a9ce,EXC-100,OP-1002,2026-09-06T15:07:26,4896.1,0.8,10,0.0,Unfastened,1,7.0,1,0.47,0,normal
TEL-b5a0a21d,MSN-b753a9ce,EXC-100,OP-1002,2026-09-06T15:14:53,4896.3,1.3,15,0.0,Fastened,1,2.7,1,0.47,0,normal
TEL-18b24c5f,MSN-b753a9ce,EXC-100,OP-1002,2026-09-06T15:22:20,4896.5,1.7,20,0.0,Fastened,1,8.0,1,0.47,0,normal
TEL-00e5d7a2,MSN-23da5a81,DOZ-205,OP-1002,2026-09-10T08:00:00,1101.8,1.1,4,0.0,Fastened,1,5.3,1,0.35,0,normal
TEL-1e205d4a,MSN-23da5a81,DOZ-205,OP-1002,2026-09-10T08:14:16,1102.0,2.1,8,0.0,Fastened,1,0.0,0,0.35,0,normal
TEL-d4ca74d0,MSN-23da5a81,DOZ-205,OP-1002,2026-09-10T08:28:33,1102.2,3.2,12,0.0,Fastened,1,4.3,1,0.35,0,normal
TEL-7c9da21c,MSN-23da5a81,DOZ-205,OP-1002,2026-09-10T08:42:50,1102.4,4.2,16,0.0,Fastened,1,8.5,1,0.35,0,normal
TEL-b9b79afd,MSN-888822c7,DOZ-205,OP-1008,2026-09-11T18:00:00,1102.7,0.8,5,0.0,Fastened,1,6.8,1,0.35,0,normal
TEL-4d508a23,MSN-888822c7,DOZ-205,OP-1008,2026-09-11T18:09:27,1102.9,1.6,10,0.0,Fastened,1,5.4,1,0.35,0,normal
TEL-de3d6079,MSN-888822c7,DOZ-205,OP-1008,2026-09-11T18:18:55,1103.1,2.5,15,0.0,Fastened,1,2.7,1,0.35,0,normal
TEL-cf97bdc3,MSN-888822c7,DOZ-205,OP-1008,2026-09-11T18:28:22,1103.3,3.3,20,0.0,Fastened,1,6.8,1,0.35,0,normal
TEL-cded830f,MSN-1ac062bd,DOZ-205,OP-1009,2026-09-16T08:00:00,1103.4,0.7,6,0.0,Fastened,1,3.4,1,0.7,0,normal
TEL-b028a2f2,MSN-1ac062bd,DOZ-205,OP-1009,2026-09-16T08:09:49,1103.6,1.4,12,0.0,Unfastened,1,3.3,1,0.7,0,normal
TEL-2e6c6529,MSN-1ac062bd,DOZ-205,OP-1009,2026-09-16T08:19:39,1103.8,2.0,18,0.0,Fastened,1,3.9,1,0.7,0,normal
TEL-4e8ffcd0,MSN-1ac062bd,DOZ-205,OP-1009,2026-09-16T08:29:28,1104.0,2.7,24,0.0,Fastened,1,0.0,0,0.7,0,normal
TEL-4f159211,MSN-5a9693b3,EXC-104,OP-1001,2026-09-11T14:00:00,2173.5,0.6,8,0.0,Fastened,1,4.1,1,0.35,0,normal
TEL-6935483c,MSN-5a9693b3,EXC-104,OP-1001,2026-09-11T14:10:46,2173.7,1.2,16,0.0,Fastened,1,0.0,0,0.35,0,normal
TEL-34cf3fba,MSN-5a9693b3,EXC-104,OP-1001,2026-09-11T14:21:33,2173.9,1.8,24,0.0,Fastened,1,7.4,1,0.35,0,normal
TEL-3a1dc146,MSN-5a9693b3,EXC-104,OP-1001,2026-09-11T14:32:20,2174.1,2.4,32,0.0,Fastened,1,7.5,1,0.35,0,normal
TEL-8faa8652,MSN-a5968e48,EXC-104,OP-1007,2026-09-14T09:00:00,2174.2,0.9,4,0.0,Fastened,1,8.5,1,0.35,0,normal
TEL-81c2c389,MSN-a5968e48,EXC-104,OP-1007,2026-09-14T09:12:34,2174.4,1.8,8,1.7,Fastened,1,6.4,1,0.35,0,normal
TEL-865cfb28,MSN-a5968e48,EXC-104,OP-1007,2026-09-14T09:25:08,2174.6,2.6,12,1.7,Fastened,1,0.0,0,0.35,0,normal
TEL-d4de11ef,MSN-a5968e48,EXC-104,OP-1007,2026-09-14T09:37:42,2174.8,3.5,16,1.7,Fastened,1,5.8,1,0.35,0,normal
TEL-6df0e35e,MSN-f06f9c83,EXC-104,OP-1010,2026-09-04T00:00:00,2175.0,1.4,6,0.0,Fastened,1,7.4,1,0.35,0,normal
TEL-5cfc0528,MSN-f06f9c83,EXC-104,OP-1010,2026-09-04T00:18:28,2175.2,2.8,12,0.0,Fastened,1,0.0,0,0.35,0,normal
TEL-a5d4dc0a,MSN-f06f9c83,EXC-104,OP-1010,2026-09-04T00:36:56,2175.4,4.2,18,0.0,Fastened,1,3.2,1,0.35,0,normal
TEL-a3fcd6cc,MSN-f06f9c83,EXC-104,OP-1010,2026-09-04T00:55:24,2175.6,5.6,24,0.0,Fastened,1,5.1,1,0.35,0,normal
TEL-87db34fa,MSN-2470aa9d,DOZ-205,OP-1008,2026-09-08T11:00:00,1104.0,0.8,7,0.0,Fastened,1,0.0,0,0.35,0,normal
TEL-c243fe87,MSN-2470aa9d,DOZ-205,OP-1008,2026-09-08T11:11:11,1104.2,1.5,14,0.0,Fastened,1,5.6,1,0.35,0,normal
TEL-9991bf8e,MSN-2470aa9d,DOZ-205,OP-1008,2026-09-08T11:22:23,1104.4,2.2,21,0.0,Fastened,1,0.0,0,0.35,0,normal
TEL-7d1a90c3,MSN-2470aa9d,DOZ-205,OP-1008,2026-09-08T11:33:34,1104.6,3.0,28,0.0,Fastened,1,5.8,1,0.35,0,normal
TEL-43f9da62,MSN-18c791aa,DOZ-203,OP-1001,2026-09-13T02:00:00,4250.1,0.6,6,0.0,Fastened,1,7.9,1,0.35,0,normal
TEL-8f10caa1,MSN-18c791aa,DOZ-203,OP-1001,2026-09-13T02:10:27,4250.3,1.2,12,0.0,Fastened,1,8.6,1,0.35,0,normal
TEL-a4c0f766,MSN-18c791aa,DOZ-203,OP-1001,2026-09-13T02:20:55,4250.5,1.8,18,0.0,Fastened,1,3.1,1,0.35,0,normal
TEL-5cc0ad3e,MSN-18c791aa,DOZ-203,OP-1001,2026-09-13T02:31:22,4250.7,2.4,24,0.0,Fastened,1,0.0,0,0.35,0,normal
TEL-d053b97d,MSN-103f720a,EXC-102,OP-1009,2026-09-05T10:00:00,4875.4,0.9,7,0.0,Fastened,1,6.1,1,0.35,0,normal
TEL-f765bb40,MSN-103f720a,EXC-102,OP-1009,2026-09-05T10:11:14,4875.6,1.9,14,0.0,Fastened,1,0.0,0,0.35,0,normal
TEL-fdd26fa6,MSN-103f720a,EXC-102,OP-1009,2026-09-05T10:22:29,4875.8,2.8,21,0.0,Fastened,1,3.0,1,0.35,0,normal
TEL-589fd446,MSN-103f720a,EXC-102,OP-1009,2026-09-05T10:33:43,4876.0,3.7,28,0.0,Fastened,1,4.4,1,0.35,0,normal
TEL-a960e203,MSN-075c9ae6,EXC-106,OP-1004,2026-09-17T22:00:00,5751.8,1.0,8,0.0,Fastened,1,7.1,1,0.35,0,normal
TEL-0b74c727,MSN-075c9ae6,EXC-106,OP-1004,2026-09-17T22:14:59,5752.0,2.0,16,0.0,Fastened,1,6.6,1,0.35,0,normal
TEL-862440a0,MSN-075c9ae6,EXC-106,OP-1004,2026-09-17T22:29:58,5752.2,3.0,24,0.0,Fastened,1,8.8,1,0.35,0,normal
TEL-e20af4a3,MSN-075c9ae6,EXC-106,OP-1004,2026-09-17T22:44:58,5752.4,4.0,32,0.0,Fastened,1,6.8,1,0.35,0,normal
TEL-99963188,MSN-aa006227,DOZ-201,OP-1001,2026-09-14T20:00:00,238.6,1.0,8,0.0,Fastened,1,4.1,1,0.35,0,normal
TEL-070953e2,MSN-aa006227,DOZ-201,OP-1001,2026-09-14T20:12:31,238.8,2.0,16,0.0,Fastened,1,3.0,1,0.35,0,normal
TEL-354aaba6,MSN-aa006227,DOZ-201,OP-1001,2026-09-14T20:25:03,239.0,3.1,24,0.0,Fastened,1,6.0,1,0.35,0,normal
TEL-9af297ba,MSN-aa006227,DOZ-201,OP-1001,2026-09-14T20:37:35,239.2,4.1,32,0.0,Fastened,1,3.2,1,0.35,0,normal
TEL-bbece92b,MSN-0658b7e7,EXC-104,OP-1008,2026-09-06T19:00:00,2176.2,2.0,11,0.0,Fastened,1,4.1,1,0.58,0,normal
TEL-0945c77f,MSN-0658b7e7,EXC-104,OP-1008,2026-09-06T19:26:11,2176.4,4.0,22,0.0,Fastened,1,0.0,0,0.58,0,normal
TEL-9120778e,MSN-0658b7e7,EXC-104,OP-1008,2026-09-06T19:52:23,2176.6,6.0,33,0.0,Fastened,1,0.0,0,0.58,0,normal
TEL-a40c6b72,MSN-0658b7e7,EXC-104,OP-1008,2026-09-06T20:18:34,2176.8,8.0,44,0.0,Fastened,1,4.7,1,0.58,0,normal
TEL-5787fd06,MSN-77d6b533,EXC-100,OP-1010,2026-09-07T11:00:00,4896.4,0.6,7,0.0,Fastened,1,2.3,1,0.49,0,normal
TEL-b6dd2b8c,MSN-77d6b533,EXC-100,OP-1010,2026-09-07T11:10:22,4896.6,1.2,14,0.0,Fastened,1,2.2,1,0.49,0,normal
TEL-12e0e6a0,MSN-77d6b533,EXC-100,OP-1010,2026-09-07T11:20:44,4896.8,1.8,21,0.0,Fastened,1,2.9,1,0.49,0,normal
TEL-73fb22a0,MSN-77d6b533,EXC-100,OP-1010,2026-09-07T11:31:06,4897.0,2.4,28,0.0,Fastened,1,0.0,0,0.49,0,normal
TEL-8f4227fe,MSN-1d364534,EXC-104,OP-1006,2026-09-06T20:00:00,2178.0,2.0,13,0.0,Fastened,1,7.9,1,0.5,0,normal
TEL-6ab815e5,MSN-1d364534,EXC-104,OP-1006,2026-09-06T20:27:20,2178.2,4.0,26,0.0,Fastened,1,2.6,1,0.5,0,normal
TEL-c3e7b5c8,MSN-1d364534,EXC-104,OP-1006,2026-09-06T20:54:41,2178.4,6.0,39,0.0,Fastened,1,3.9,1,0.5,0,normal
TEL-15328bc5,MSN-1d364534,EXC-104,OP-1006,2026-09-06T21:22:02,2178.6,8.0,52,0.0,Fastened,1,4.6,1,0.5,0,normal
TEL-8f02763d,MSN-238c4057,DOZ-207,OP-1004,2026-09-14T14:00:00,2152.2,0.7,7,0.0,Fastened,1,0.0,0,0.56,0,normal
TEL-d2f3fce3,MSN-238c4057,DOZ-207,OP-1004,2026-09-14T14:08:38,2152.4,1.3,14,0.0,Fastened,1,5.2,1,0.56,0,normal
TEL-e1264fd0,MSN-238c4057,DOZ-207,OP-1004,2026-09-14T14:17:16,2152.6,2.0,21,0.0,Fastened,1,8.6,1,0.56,0,normal
TEL-68eb73d7,MSN-238c4057,DOZ-207,OP-1004,2026-09-14T14:25:54,2152.8,2.6,28,0.0,Fastened,1,7.2,1,0.56,0,normal
TEL-0e02791a,MSN-c9d3aff1,EXC-100,OP-1005,2026-09-06T00:00:00,4897.1,1.9,19,0.0,Fastened,1,0.0,0,0.35,0,normal
TEL-7a0bc739,MSN-c9d3aff1,EXC-100,OP-1005,2026-09-06T00:28:49,4897.3,3.8,38,0.0,Fastened,1,6.6,1,0.35,0,normal
TEL-f8303b33,MSN-c9d3aff1,EXC-100,OP-1005,2026-09-06T00:57:38,4897.5,5.6,57,0.0,Fastened,1,6.2,1,0.35,0,normal
TEL-95ad7df9,MSN-c9d3aff1,EXC-100,OP-1005,2026-09-06T01:26:27,4897.7,7.5,76,0.0,Fastened,1,7.5,1,0.35,0,normal
TEL-14ed9c21,MSN-4ac9f802,DOZ-203,OP-1004,2026-09-17T21:00:00,4250.8,1.5,17,0.0,Fastened,1,3.7,1,0.42,0,normal
TEL-2148f30c,MSN-4ac9f802,DOZ-203,OP-1004,2026-09-17T21:24:37,4251.0,3.0,34,0.0,Fastened,1,3.2,1,0.42,0,normal
TEL-e4d1e54f,MSN-4ac9f802,DOZ-203,OP-1004,2026-09-17T21:49:15,4251.2,4.5,51,0.0,Fastened,1,7.2,1,0.42,0,normal
TEL-ddf9a809,MSN-4ac9f802,DOZ-203,OP-1004,2026-09-17T22:13:53,4251.4,6.0,68,0.0,Fastened,1,7.2,1,0.42,0,normal
TEL-4ac15d30,MSN-53f66c37,EXC-104,OP-1001,2026-09-15T02:00:00,2179.8,1.1,9,0.0,Fastened,1,0.0,0,0.35,0,normal
TEL-c016ce38,MSN-53f66c37,EXC-104,OP-1001,2026-09-15T02:15:42,2180.0,2.2,18,0.0,Fastened,1,5.2,1,0.35,0,normal
TEL-36f28a93,MSN-53f66c37,EXC-104,OP-1001,2026-09-15T02:31:25,2180.2,3.3,27,0.0,Fastened,1,6.9,1,0.35,0,normal
TEL-154d6556,MSN-53f66c37,EXC-104,OP-1001,2026-09-15T02:47:08,2180.4,4.4,36,0.0,Fastened,1,0.0,0,0.35,0,normal
TEL-f4026a18,MSN-7955f4c1,EXC-106,OP-1008,2026-09-16T22:00:00,5752.8,1.0,8,0.0,Fastened,1,2.9,1,0.35,0,normal
TEL-4a017e7b,MSN-7955f4c1,EXC-106,OP-1008,2026-09-16T22:14:09,5753.0,2.0,16,0.0,Fastened,1,6.7,1,0.35,0,normal
TEL-52287714,MSN-7955f4c1,EXC-106,OP-1008,2026-09-16T22:28:19,5753.2,3.1,24,0.0,Fastened,1,0.0,0,0.35,0,normal
TEL-8f79c20a,MSN-7955f4c1,EXC-106,OP-1008,2026-09-16T22:42:29,5753.4,4.1,32,0.0,Fastened,1,8.8,1,0.35,0,normal
TEL-bf5cf549,MSN-0b1f11dc,DOZ-205,OP-1002,2026-09-03T19:00:00,1104.8,0.9,5,0.0,Fastened,1,3.3,1,0.44,0,normal
TEL-5bbdd071,MSN-0b1f11dc,DOZ-205,OP-1002,2026-09-03T19:09:13,1105.0,1.8,10,0.0,Fastened,1,4.2,1,0.44,0,normal
TEL-c340ba5c,MSN-0b1f11dc,DOZ-205,OP-1002,2026-09-03T19:18:26,1105.2,2.7,15,0.0,Fastened,1,2.0,1,0.44,0,normal
TEL-a3098645,MSN-0b1f11dc,DOZ-205,OP-1002,2026-09-03T19:27:39,1105.4,3.6,20,0.0,Fastened,1,0.0,0,0.44,0,normal
TEL-fc380899,MSN-e3c87070,DOZ-203,OP-1009,2026-09-10T07:00:00,4252.5,1.1,12,0.0,Fastened,1,2.8,1,0.53,0,normal
TEL-db6c5117,MSN-e3c87070,DOZ-203,OP-1009,2026-09-10T07:19:26,4252.7,2.2,24,4.2,Fastened,1,4.0,1,0.53,0,normal
TEL-97bc3d8d,MSN-e3c87070,DOZ-203,OP-1009,2026-09-10T07:38:52,4252.9,3.4,36,4.2,Fastened,1,6.7,1,0.53,0,normal
TEL-ea394b51,MSN-e3c87070,DOZ-203,OP-1009,2026-09-10T07:58:18,4253.1,4.5,48,4.2,Fastened,1,4.8,1,0.53,0,normal
TEL-06b0769e,MSN-0cbc3083,DOZ-205,OP-1005,2026-09-01T12:00:00,1105.4,1.2,8,0.0,Fastened,1,4.9,1,0.47,0,normal
TEL-7fb61bd1,MSN-0cbc3083,DOZ-205,OP-1005,2026-09-01T12:21:04,1105.6,2.5,16,4.5,Fastened,1,2.1,1,0.47,0,normal
TEL-2f3c3e20,MSN-0cbc3083,DOZ-205,OP-1005,2026-09-01T12:42:09,1105.8,3.7,24,4.5,Fastened,1,0.0,0,0.47,0,normal
TEL-fe2171a9,MSN-0cbc3083,DOZ-205,OP-1005,2026-09-01T13:03:14,1106.0,4.9,32,4.5,Fastened,1,7.8,1,0.47,0,normal
TEL-50c7d60e,MSN-7f0f8fb8,EXC-106,OP-1002,2026-09-17T06:00:00,5753.8,1.9,13,0.0,Fastened,1,3.0,1,0.56,0,normal
TEL-ddb92da5,MSN-7f0f8fb8,EXC-106,OP-1002,2026-09-17T06:26:28,5754.0,3.9,26,0.0,Fastened,1,6.2,1,0.56,0,normal
TEL-4709aa02,MSN-7f0f8fb8,EXC-106,OP-1002,2026-09-17T06:52:57,5754.2,5.8,39,0.0,Fastened,1,6.6,1,0.56,0,normal
TEL-8509b377,MSN-7f0f8fb8,EXC-106,OP-1002,2026-09-17T07:19:26,5754.4,7.7,52,0.0,Fastened,1,7.4,1,0.56,0,normal
TEL-3b55a9e2,MSN-2656ecb5,DOZ-205,OP-1010,2026-09-04T14:00:00,1106.8,1.8,16,0.0,Fastened,1,8.8,1,0.55,0,normal
TEL-6b6b4e19,MSN-2656ecb5,DOZ-205,OP-1010,2026-09-04T14:25:29,1107.0,3.5,32,0.0,Fastened,1,6.2,1,0.55,0,normal
TEL-6ef6d4ed,MSN-2656ecb5,DOZ-205,OP-1010,2026-09-04T14:50:58,1107.2,5.3,48,0.0,Fastened,1,6.1,1,0.55,0,normal
TEL-ed047112,MSN-2656ecb5,DOZ-205,OP-1010,2026-09-04T15:16:28,1107.4,7.1,64,0.0,Fastened,1,0.0,0,0.55,0,normal
TEL-27e2323d,MSN-56b26238,DOZ-207,OP-1001,2026-09-08T16:00:00,2152.8,1.1,7,0.0,Fastened,1,6.8,1,0.35,0,normal
TEL-a34585c9,MSN-56b26238,DOZ-207,OP-1001,2026-09-08T16:12:34,2153.0,2.1,14,0.0,Fastened,1,6.4,1,0.35,0,normal
TEL-b5ebf7a8,MSN-56b26238,DOZ-207,OP-1001,2026-09-08T16:25:09,2153.2,3.2,21,0.0,Fastened,1,4.3,1,0.35,0,normal
TEL-56c9902a,MSN-56b26238,DOZ-207,OP-1001,2026-09-08T16:37:43,2153.4,4.3,28,0.0,Fastened,1,4.7,1,0.35,0,normal
TEL-50692e03,MSN-e1f0cd66,EXC-104,OP-1006,2026-09-04T03:00:00,2180.9,2.4,15,0.0,Fastened,1,4.5,1,0.5,0,normal
TEL-2b665e37,MSN-e1f0cd66,EXC-104,OP-1006,2026-09-04T03:34:38,2181.1,4.7,30,0.0,Fastened,1,3.3,1,0.5,0,normal
TEL-12b39abc,MSN-e1f0cd66,EXC-104,OP-1006,2026-09-04T04:09:16,2181.3,7.1,45,0.0,Fastened,1,8.6,1,0.5,0,normal
TEL-52c606a1,MSN-e1f0cd66,EXC-104,OP-1006,2026-09-04T04:43:54,2181.5,9.4,60,0.0,Fastened,1,3.6,1,0.5,0,normal
TEL-e977d831,MSN-49e71b43,EXC-100,OP-1009,2026-09-17T17:00:00,4899.0,2.3,20,0.0,Fastened,1,4.0,1,0.52,0,normal
TEL-a79ee95e,MSN-49e71b43,EXC-100,OP-1009,2026-09-17T17:32:39,4899.2,4.7,40,0.0,Fastened,1,5.1,1,0.52,0,normal
TEL-2b4af422,MSN-49e71b43,EXC-100,OP-1009,2026-09-17T18:05:18,4899.4,7.0,60,0.0,Fastened,1,4.2,1,0.52,0,normal
TEL-17605ae0,MSN-49e71b43,EXC-100,OP-1009,2026-09-17T18:37:57,4899.6,9.3,80,0.0,Fastened,1,0.0,0,0.52,0,normal
TEL-d872ae79,MSN-f1f978a5,EXC-104,OP-1008,2026-09-12T02:00:00,2183.2,2.2,13,0.0,Fastened,1,7.3,1,0.35,0,normal
TEL-1321d78e,MSN-f1f978a5,EXC-104,OP-1008,2026-09-12T02:29:18,2183.4,4.4,26,0.0,Fastened,1,8.3,1,0.35,0,normal
TEL-df33809e,MSN-f1f978a5,EXC-104,OP-1008,2026-09-12T02:58:36,2183.6,6.6,39,0.0,Fastened,1,5.1,1,0.35,0,normal
TEL-90160e69,MSN-f1f978a5,EXC-104,OP-1008,2026-09-12T03:27:54,2183.8,8.8,52,0.0,Fastened,1,0.0,0,0.35,0,normal
TEL-2162d6b4,MSN-fe194316,DOZ-205,OP-1009,2026-09-09T14:00:00,1108.5,0.9,5,0.0,Fastened,1,6.9,1,0.35,0,normal
TEL-15cb4294,MSN-fe194316,DOZ-205,OP-1009,2026-09-09T14:10:52,1108.7,1.9,10,0.0,Fastened,1,2.0,1,0.35,0,normal
TEL-dbd2e181,MSN-fe194316,DOZ-205,OP-1009,2026-09-09T14:21:45,1108.9,2.8,15,0.0,Fastened,1,3.8,1,0.35,0,normal
TEL-03588e4f,MSN-fe194316,DOZ-205,OP-1009,2026-09-09T14:32:38,1109.1,3.8,20,0.0,Fastened,1,0.0,0,0.35,0,normal
TEL-4f315296,MSN-11a1b8cd,EXC-100,OP-1002,2026-09-10T07:00:00,4901.2,0.7,6,0.0,Fastened,1,5.7,1,0.37,0,normal
TEL-a1901a52,MSN-11a1b8cd,EXC-100,OP-1002,2026-09-10T07:08:18,4901.4,1.4,12,0.0,Fastened,1,8.7,1,0.37,0,normal
TEL-f9f9bdbb,MSN-11a1b8cd,EXC-100,OP-1002,2026-09-10T07:16:37,4901.6,2.0,18,0.0,Fastened,1,5.6,1,0.37,0,normal
TEL-882f2445,MSN-11a1b8cd,EXC-100,OP-1002,2026-09-10T07:24:56,4901.8,2.7,24,0.0,Fastened,1,8.1,1,0.37,0,normal
TEL-c8af5f57,MSN-a2931951,DOZ-205,OP-1002,2026-09-17T00:00:00,1109.2,1.4,9,0.0,Fastened,1,2.3,1,0.35,0,normal
TEL-15e041f0,MSN-a2931951,DOZ-205,OP-1002,2026-09-17T00:17:28,1109.4,2.8,18,0.0,Fastened,1,2.3,1,0.35,0,normal
TEL-e3005609,MSN-a2931951,DOZ-205,OP-1002,2026-09-17T00:34:57,1109.6,4.2,27,0.0,Fastened,1,8.9,1,0.35,0,normal
TEL-f9bd1068,MSN-a2931951,DOZ-205,OP-1002,2026-09-17T00:52:26,1109.8,5.6,36,0.0,Fastened,1,3.8,1,0.35,0,normal
TEL-de32d5fd,MSN-4e2691b3,EXC-104,OP-1006,2026-09-09T05:00:00,2185.1,1.6,10,0.0,Fastened,1,2.6,1,0.35,0,normal
TEL-03d7cecf,MSN-4e2691b3,EXC-104,OP-1006,2026-09-09T05:21:14,2185.3,3.1,20,0.0,Fastened,1,4.1,1,0.35,0,normal
TEL-ff0c4da2,MSN-4e2691b3,EXC-104,OP-1006,2026-09-09T05:42:28,2185.5,4.7,30,0.0,Fastened,1,6.8,1,0.35,0,normal
TEL-dcd285d1,MSN-4e2691b3,EXC-104,OP-1006,2026-09-09T06:03:43,2185.7,6.3,40,0.0,Fastened,1,2.3,1,0.35,0,normal
TEL-b24d4294,MSN-8753dce6,DOZ-205,OP-1007,2026-09-02T00:00:00,1110.4,1.3,11,0.0,Fastened,1,4.8,1,0.72,0,normal
TEL-f5cc4aed,MSN-8753dce6,DOZ-205,OP-1007,2026-09-02T00:16:23,1110.6,2.5,22,0.0,Unfastened,1,3.7,1,0.72,0,normal
TEL-95ae59b4,MSN-8753dce6,DOZ-205,OP-1007,2026-09-02T00:32:47,1110.8,3.8,33,0.0,Fastened,1,5.5,1,0.72,0,normal
TEL-087d1df6,MSN-8753dce6,DOZ-205,OP-1007,2026-09-02T00:49:10,1111.0,5.1,44,0.0,Fastened,1,5.9,1,0.72,0,normal
TEL-4720d4cf,MSN-66af2079,DOZ-203,OP-1008,2026-09-04T06:00:00,4253.8,1.6,16,0.0,Fastened,1,0.0,0,0.51,0,normal
TEL-40f933cb,MSN-66af2079,DOZ-203,OP-1008,2026-09-04T06:25:00,4254.0,3.1,32,0.0,Fastened,1,0.0,0,0.51,0,normal
TEL-1dee9332,MSN-66af2079,DOZ-203,OP-1008,2026-09-04T06:50:01,4254.2,4.7,48,0.0,Fastened,1,8.5,1,0.51,0,normal
TEL-6f5963fd,MSN-66af2079,DOZ-203,OP-1008,2026-09-04T07:15:02,4254.4,6.3,64,0.0,Fastened,1,7.6,1,0.51,0,normal
TEL-0f459f95,MSN-8b0c421d,DOZ-205,OP-1001,2026-09-11T08:00:00,1111.5,1.4,9,0.0,Fastened,1,0.0,0,0.35,0,normal
TEL-73e49cfa,MSN-8b0c421d,DOZ-205,OP-1001,2026-09-11T08:19:15,1111.7,2.9,18,0.0,Fastened,1,6.5,1,0.35,0,normal
TEL-100da250,MSN-8b0c421d,DOZ-205,OP-1001,2026-09-11T08:38:30,1111.9,4.3,27,0.0,Fastened,1,0.0,0,0.35,0,normal
TEL-49bdc242,MSN-8b0c421d,DOZ-205,OP-1001,2026-09-11T08:57:45,1112.1,5.7,36,0.0,Fastened,1,8.4,1,0.35,0,normal
TEL-191b94de,MSN-cc615aeb,DOZ-205,OP-1004,2026-09-03T01:00:00,1112.8,0.8,7,0.0,Fastened,1,6.6,1,0.51,0,normal
TEL-2b6b0bf8,MSN-cc615aeb,DOZ-205,OP-1004,2026-09-03T01:15:30,1113.0,1.5,14,4.8,Fastened,1,4.9,1,0.51,0,normal
TEL-b47dfc41,MSN-cc615aeb,DOZ-205,OP-1004,2026-09-03T01:31:01,1113.2,2.2,21,4.8,Fastened,1,6.4,1,0.51,0,normal
TEL-77893d53,MSN-cc615aeb,DOZ-205,OP-1004,2026-09-03T01:46:32,1113.4,3.0,28,4.8,Fastened,1,8.7,1,0.51,0,normal
TEL-a10983af,MSN-66418bc6,DOZ-207,OP-1003,2026-09-11T16:00:00,2153.7,1.7,15,0.0,Fastened,1,4.7,1,0.35,0,normal
TEL-d20301c0,MSN-66418bc6,DOZ-207,OP-1003,2026-09-11T16:27:57,2153.9,3.5,30,2.9,Fastened,1,3.7,1,0.35,0,normal
TEL-ad26a501,MSN-66418bc6,DOZ-207,OP-1003,2026-09-11T16:55:55,2154.1,5.2,45,2.9,Fastened,1,4.3,1,0.35,0,normal
TEL-c4c61181,MSN-66418bc6,DOZ-207,OP-1003,2026-09-11T17:23:53,2154.3,6.9,60,2.9,Fastened,1,4.2,1,0.35,0,normal
TEL-861d4b57,MSN-57189994,EXC-106,OP-1002,2026-09-06T12:00:00,5755.5,0.6,5,0.0,Fastened,1,3.4,1,0.45,0,normal
TEL-615c1d71,MSN-57189994,EXC-106,OP-1002,2026-09-06T12:09:27,5755.7,1.2,10,0.0,Fastened,1,2.5,1,0.45,0,normal
TEL-8dd2336f,MSN-57189994,EXC-106,OP-1002,2026-09-06T12:18:55,5755.9,1.8,15,0.0,Fastened,1,4.0,1,0.45,0,normal
TEL-1f536685,MSN-57189994,EXC-106,OP-1002,2026-09-06T12:28:23,5756.1,2.4,20,0.0,Fastened,1,0.0,0,0.45,0,normal
TEL-59c8583f,MSN-b725c3da,EXC-102,OP-1006,2026-09-14T05:00:00,4876.1,0.8,5,0.0,Fastened,1,7.8,1,0.35,0,normal
TEL-09b366bf,MSN-b725c3da,EXC-102,OP-1006,2026-09-14T05:10:32,4876.3,1.6,10,0.0,Fastened,1,7.0,1,0.35,0,normal
TEL-4321bde5,MSN-b725c3da,EXC-102,OP-1006,2026-09-14T05:21:05,4876.5,2.4,15,0.0,Fastened,1,0.0,0,0.35,0,normal
TEL-fc8e070d,MSN-b725c3da,EXC-102,OP-1006,2026-09-14T05:31:37,4876.7,3.2,20,0.0,Fastened,1,6.7,1,0.35,0,normal
TEL-ce5c0b47,MSN-7927e1e4,DOZ-203,OP-1010,2026-09-13T19:00:00,4255.4,0.7,3,0.0,Fastened,1,6.9,1,0.41,0,normal
TEL-9b0580a0,MSN-7927e1e4,DOZ-203,OP-1010,2026-09-13T19:09:11,4255.6,1.3,6,0.0,Fastened,1,5.9,1,0.41,0,normal
TEL-5a1f3f97,MSN-7927e1e4,DOZ-203,OP-1010,2026-09-13T19:18:22,4255.8,2.0,9,0.0,Fastened,1,4.6,1,0.41,0,normal
TEL-ece170a9,MSN-7927e1e4,DOZ-203,OP-1010,2026-09-13T19:27:33,4256.0,2.6,12,0.0,Fastened,1,0.0,0,0.41,0,normal
TEL-43e8202a,MSN-ae6cd7ce,DOZ-203,OP-1004,2026-09-13T06:00:00,4256.1,0.8,5,0.0,Fastened,1,7.4,1,0.52,0,normal
TEL-da405b92,MSN-ae6cd7ce,DOZ-203,OP-1004,2026-09-13T06:08:48,4256.3,1.6,10,0.0,Fastened,1,2.3,1,0.52,0,normal
TEL-b12d20f2,MSN-ae6cd7ce,DOZ-203,OP-1004,2026-09-13T06:17:37,4256.5,2.4,15,0.0,Fastened,1,8.5,1,0.52,0,normal
TEL-7ca85e9a,MSN-ae6cd7ce,DOZ-203,OP-1004,2026-09-13T06:26:25,4256.7,3.2,20,0.0,Fastened,1,7.2,1,0.52,0,normal
TEL-b014354d,MSN-17f18820,DOZ-203,OP-1010,2026-09-02T10:00:00,4256.6,0.8,6,0.0,Fastened,1,8.4,1,0.58,0,normal
TEL-2234a5cf,MSN-17f18820,DOZ-203,OP-1010,2026-09-02T10:07:39,4256.8,1.6,12,0.0,Fastened,1,6.0,1,0.58,0,normal
TEL-3a203cf8,MSN-17f18820,DOZ-203,OP-1010,2026-09-02T10:15:18,4257.0,2.3,18,0.0,Fastened,1,8.6,1,0.58,0,normal
TEL-719d4f20,MSN-17f18820,DOZ-203,OP-1010,2026-09-02T10:22:58,4257.2,3.1,24,0.0,Fastened,1,0.0,0,0.58,0,normal
TEL-e21586ae,MSN-7c5c9894,DOZ-207,OP-1007,2026-09-17T08:00:00,2155.5,1.4,10,0.0,Fastened,1,7.0,1,0.35,0,normal
TEL-8cc8f421,MSN-7c5c9894,DOZ-207,OP-1007,2026-09-17T08:20:47,2155.7,2.7,20,0.0,Fastened,1,4.4,1,0.35,0,normal
TEL-2b972520,MSN-7c5c9894,DOZ-207,OP-1007,2026-09-17T08:41:35,2155.9,4.1,30,0.0,Fastened,1,3.4,1,0.35,0,normal
TEL-4a3d3209,MSN-7c5c9894,DOZ-207,OP-1007,2026-09-17T09:02:23,2156.1,5.4,40,0.0,Fastened,1,6.5,1,0.35,0,normal
TEL-77351fd2,MSN-d1240808,DOZ-207,OP-1003,2026-09-06T16:00:00,2156.9,1.4,8,0.0,Fastened,1,0.0,0,0.35,0,normal
TEL-18722c03,MSN-d1240808,DOZ-207,OP-1003,2026-09-06T16:17:48,2157.1,2.8,16,0.0,Fastened,1,6.8,1,0.35,0,normal
TEL-c2e1a69a,MSN-d1240808,DOZ-207,OP-1003,2026-09-06T16:35:37,2157.3,4.1,24,0.0,Fastened,1,0.0,0,0.35,0,normal
TEL-20e3b94f,MSN-d1240808,DOZ-207,OP-1003,2026-09-06T16:53:26,2157.5,5.5,32,0.0,Fastened,1,3.5,1,0.35,0,normal
TEL-298c9174,MSN-d1af7a8d,DOZ-207,OP-1009,2026-09-17T15:00:00,2158.1,1.8,16,0.0,Fastened,1,3.0,1,0.73,0,normal
TEL-2a1b8837,MSN-d1af7a8d,DOZ-207,OP-1009,2026-09-17T15:24:30,2158.3,3.5,32,0.0,Fastened,1,5.6,1,0.73,0,normal
TEL-c13b300a,MSN-d1af7a8d,DOZ-207,OP-1009,2026-09-17T15:49:01,2158.5,5.3,48,0.0,Fastened,1,3.4,1,0.73,0,normal
TEL-b1bdd2b7,MSN-d1af7a8d,DOZ-207,OP-1009,2026-09-17T16:13:32,2158.7,7.1,64,0.0,Fastened,1,2.6,1,0.73,0,normal
TEL-c532c0c8,MSN-900ab39d,DOZ-207,OP-1001,2026-09-16T19:00:00,2159.7,1.0,4,0.0,Fastened,1,4.0,1,0.35,0,normal
TEL-aa36b1ef,MSN-900ab39d,DOZ-207,OP-1001,2026-09-16T19:10:26,2159.9,1.9,8,0.0,Fastened,1,2.9,1,0.35,0,normal
TEL-5280111a,MSN-900ab39d,DOZ-207,OP-1001,2026-09-16T19:20:53,2160.1,2.9,12,0.0,Fastened,1,7.1,1,0.35,0,normal
TEL-b8dee593,MSN-900ab39d,DOZ-207,OP-1001,2026-09-16T19:31:20,2160.3,3.9,16,0.0,Fastened,1,0.0,0,0.35,0,normal
TEL-1950d48e,MSN-99df625c,EXC-102,OP-1009,2026-09-03T21:00:00,4876.8,0.8,4,0.0,Fastened,1,0.0,0,0.35,0,normal
TEL-b89525c3,MSN-99df625c,EXC-102,OP-1009,2026-09-03T21:10:45,4877.0,1.6,8,0.0,Fastened,1,4.4,1,0.35,0,normal
TEL-f7346e14,MSN-99df625c,EXC-102,OP-1009,2026-09-03T21:21:31,4877.2,2.3,12,0.0,Fastened,1,8.6,1,0.35,0,normal
TEL-68805450,MSN-99df625c,EXC-102,OP-1009,2026-09-03T21:32:16,4877.4,3.1,16,0.0,Fastened,1,2.8,1,0.35,0,normal
TEL-7a4a10ec,MSN-5a1a5897,DOZ-207,OP-1001,2026-09-06T14:00:00,2160.4,1.4,10,0.0,Fastened,1,2.4,1,0.35,0,normal
TEL-7c1c5db2,MSN-5a1a5897,DOZ-207,OP-1001,2026-09-06T14:18:59,2160.6,2.9,20,0.0,Fastened,1,0.0,0,0.35,0,normal
TEL-827f7e3b,MSN-5a1a5897,DOZ-207,OP-1001,2026-09-06T14:37:59,2160.8,4.3,30,0.0,Fastened,1,0.0,0,0.35,0,normal
TEL-9838d212,MSN-5a1a5897,DOZ-207,OP-1001,2026-09-06T14:56:59,2161.0,5.7,40,0.0,Fastened,1,5.0,1,0.35,0,normal
TEL-353ecbe9,MSN-861a34a2,EXC-102,OP-1007,2026-09-09T09:00:00,4877.6,0.7,6,0.0,Fastened,1,5.7,1,0.35,0,normal
TEL-347726e1,MSN-861a34a2,EXC-102,OP-1007,2026-09-09T09:11:17,4877.8,1.4,12,0.0,Unfastened,1,0.0,0,0.35,0,normal
TEL-3cee6ca7,MSN-861a34a2,EXC-102,OP-1007,2026-09-09T09:22:35,4878.0,2.0,18,0.0,Fastened,1,6.2,1,0.35,0,normal
TEL-ac0de6b0,MSN-861a34a2,EXC-102,OP-1007,2026-09-09T09:33:53,4878.2,2.7,24,0.0,Fastened,1,2.5,1,0.35,0,normal
TEL-b8cf8c41,MSN-ad2fcffe,DOZ-203,OP-1001,2026-09-17T04:00:00,4257.1,0.8,4,0.0,Fastened,1,0.0,0,0.37,0,normal
TEL-389c8c20,MSN-ad2fcffe,DOZ-203,OP-1001,2026-09-17T04:07:59,4257.3,1.5,8,0.0,Fastened,1,7.3,1,0.37,0,normal
TEL-5e8a2ebb,MSN-ad2fcffe,DOZ-203,OP-1001,2026-09-17T04:15:58,4257.5,2.2,12,0.0,Fastened,1,4.2,1,0.37,0,normal
TEL-9c0af9ab,MSN-ad2fcffe,DOZ-203,OP-1001,2026-09-17T04:23:57,4257.7,3.0,16,0.0,Fastened,1,8.0,1,0.37,0,normal
TEL-309d28dd,MSN-4525d573,DOZ-203,OP-1007,2026-09-13T02:00:00,4257.7,1.0,10,0.0,Fastened,1,7.9,1,0.49,0,normal
TEL-2d174ac9,MSN-4525d573,DOZ-203,OP-1007,2026-09-13T02:16:07,4257.9,1.9,20,4.3,Fastened,1,0.0,0,0.49,0,normal
TEL-ebf2d6f6,MSN-4525d573,DOZ-203,OP-1007,2026-09-13T02:32:14,4258.1,2.9,30,4.3,Fastened,1,4.9,1,0.49,0,normal
TEL-90c414f0,MSN-4525d573,DOZ-203,OP-1007,2026-09-13T02:48:22,4258.3,3.9,40,4.3,Fastened,1,0.0,0,0.49,0,normal
TEL-aabed386,MSN-2660dafe,DOZ-207,OP-1010,2026-09-01T17:00:00,2161.7,0.8,5,0.0,Fastened,1,2.7,1,0.5,0,normal
TEL-4d616c1f,MSN-2660dafe,DOZ-207,OP-1010,2026-09-01T17:09:54,2161.9,1.6,10,0.0,Fastened,1,3.3,1,0.5,0,normal
TEL-06c666c5,MSN-2660dafe,DOZ-207,OP-1010,2026-09-01T17:19:49,2162.1,2.5,15,0.0,Fastened,1,7.7,1,0.5,0,normal
TEL-173a02c3,MSN-2660dafe,DOZ-207,OP-1010,2026-09-01T17:29:44,2162.3,3.3,20,0.0,Fastened,1,4.8,1,0.5,0,normal
TEL-718e75ea,MSN-aeccdb47,EXC-100,OP-1002,2026-09-10T00:00:00,4901.7,1.0,7,0.0,Fastened,1,2.5,1,0.53,0,normal
TEL-66f76165,MSN-aeccdb47,EXC-100,OP-1002,2026-09-10T00:12:45,4901.9,2.0,14,0.0,Fastened,1,0.0,0,0.53,0,normal
TEL-c18745ff,MSN-aeccdb47,EXC-100,OP-1002,2026-09-10T00:25:31,4902.1,3.0,21,0.0,Fastened,1,2.2,1,0.53,0,normal
TEL-672959a3,MSN-aeccdb47,EXC-100,OP-1002,2026-09-10T00:38:17,4902.3,4.0,28,0.0,Fastened,1,0.0,0,0.53,0,normal
TEL-fef230fa,MSN-9c6db66e,EXC-102,OP-1005,2026-09-13T11:00:00,4878.3,0.7,8,0.0,Fastened,1,2.5,1,0.35,0,normal
TEL-918df974,MSN-9c6db66e,EXC-102,OP-1005,2026-09-13T11:11:20,4878.5,1.4,16,0.0,Fastened,1,6.3,1,0.35,0,normal
TEL-fedec27c,MSN-9c6db66e,EXC-102,OP-1005,2026-09-13T11:22:40,4878.7,2.2,24,0.0,Fastened,1,8.8,1,0.35,0,normal
TEL-b3ce5f47,MSN-9c6db66e,EXC-102,OP-1005,2026-09-13T11:34:01,4878.9,2.9,32,0.0,Fastened,1,6.4,1,0.35,0,normal
TEL-e90e2513,MSN-9073794c,EXC-106,OP-1010,2026-09-17T20:00:00,5756.2,0.6,8,0.0,Fastened,1,4.5,1,0.49,0,normal
TEL-679f0e7c,MSN-9073794c,EXC-106,OP-1010,2026-09-17T20:10:22,5756.4,1.2,16,0.0,Fastened,1,2.9,1,0.49,0,normal
TEL-3414ddb9,MSN-9073794c,EXC-106,OP-1010,2026-09-17T20:20:45,5756.6,1.9,24,0.0,Fastened,1,5.1,1,0.49,0,normal
TEL-71eddfe0,MSN-9073794c,EXC-106,OP-1010,2026-09-17T20:31:08,5756.8,2.5,32,0.0,Fastened,1,4.9,1,0.49,0,normal
TEL-aff1bd99,MSN-08081852,EXC-104,OP-1001,2026-09-09T15:00:00,2186.5,0.9,4,0.0,Fastened,1,5.2,1,0.35,0,normal
TEL-2db01e29,MSN-08081852,EXC-104,OP-1001,2026-09-09T15:14:09,2186.7,1.8,8,3.1,Fastened,1,2.0,1,0.35,0,normal
TEL-990d7cbe,MSN-08081852,EXC-104,OP-1001,2026-09-09T15:28:18,2186.9,2.6,12,3.1,Fastened,1,0.0,0,0.35,0,normal
TEL-ad6cf718,MSN-08081852,EXC-104,OP-1001,2026-09-09T15:42:28,2187.1,3.5,16,3.1,Fastened,1,8.0,1,0.35,0,normal
TEL-ec616785,MSN-c2a701b9,DOZ-207,OP-1004,2026-09-05T03:00:00,2162.4,2.0,13,0.0,Fastened,1,5.8,1,0.35,0,normal
TEL-01d97759,MSN-c2a701b9,DOZ-207,OP-1004,2026-09-05T03:31:20,2162.6,4.0,26,0.0,Fastened,1,5.9,1,0.35,0,normal
TEL-c0fbfd0b,MSN-c2a701b9,DOZ-207,OP-1004,2026-09-05T04:02:40,2162.8,6.1,39,0.0,Fastened,1,0.0,0,0.35,0,normal
TEL-2f963868,MSN-c2a701b9,DOZ-207,OP-1004,2026-09-05T04:34:00,2163.0,8.1,52,0.0,Fastened,1,7.0,1,0.35,0,normal
TEL-f79eb4c2,MSN-cab60a5e,EXC-104,OP-1003,2026-09-06T18:00:00,2187.5,1.0,8,0.0,Fastened,1,0.0,0,0.35,0,normal
TEL-b5a7a0ff,MSN-cab60a5e,EXC-104,OP-1003,2026-09-06T18:15:37,2187.7,2.0,16,0.0,Fastened,1,7.7,1,0.35,0,normal
TEL-27b23d01,MSN-cab60a5e,EXC-104,OP-1003,2026-09-06T18:31:15,2187.9,3.1,24,0.0,Fastened,1,8.4,1,0.35,0,normal
TEL-bddb62b0,MSN-cab60a5e,EXC-104,OP-1003,2026-09-06T18:46:52,2188.1,4.1,32,0.0,Fastened,1,3.7,1,0.35,0,normal
TEL-0ae59237,MSN-837b1826,EXC-106,OP-1006,2026-09-01T14:00:00,5756.9,0.7,6,0.0,Fastened,1,2.7,1,0.54,0,normal
TEL-3ac55134,MSN-837b1826,EXC-106,OP-1006,2026-09-01T14:09:50,5757.1,1.4,12,0.0,Fastened,1,8.7,1,0.54,0,normal
TEL-3ffea0cc,MSN-837b1826,EXC-106,OP-1006,2026-09-01T14:19:41,5757.3,2.1,18,0.0,Fastened,1,8.6,1,0.54,0,normal
TEL-2b46e4f2,MSN-837b1826,EXC-106,OP-1006,2026-09-01T14:29:31,5757.5,2.8,24,0.0,Fastened,1,4.2,1,0.54,0,normal
TEL-6802cab8,MSN-48387671,DOZ-205,OP-1008,2026-09-07T18:00:00,1113.8,1.2,12,0.0,Fastened,1,6.5,1,0.43,0,normal
TEL-4eb8dc40,MSN-48387671,DOZ-205,OP-1008,2026-09-07T18:19:07,1114.0,2.4,24,0.0,Fastened,1,2.2,1,0.43,0,normal
TEL-550102d2,MSN-48387671,DOZ-205,OP-1008,2026-09-07T18:38:14,1114.2,3.5,36,0.0,Fastened,1,6.1,1,0.43,0,normal
TEL-15fcae4d,MSN-48387671,DOZ-205,OP-1008,2026-09-07T18:57:21,1114.4,4.7,48,0.0,Fastened,1,6.9,1,0.43,0,normal
TEL-9adab5bc,MSN-96d10f58,DOZ-203,OP-1006,2026-09-03T19:00:00,4258.8,1.7,13,0.0,Fastened,1,4.1,1,0.5,0,normal
TEL-133a984e,MSN-96d10f58,DOZ-203,OP-1006,2026-09-03T19:24:42,4259.0,3.4,26,0.0,Fastened,1,2.6,1,0.5,0,normal
TEL-f4418dcb,MSN-96d10f58,DOZ-203,OP-1006,2026-09-03T19:49:25,4259.2,5.1,39,0.0,Fastened,1,2.8,1,0.5,0,normal
TEL-24327a61,MSN-96d10f58,DOZ-203,OP-1006,2026-09-03T20:14:07,4259.4,6.8,52,0.0,Fastened,1,3.3,1,0.5,0,normal
TEL-38c56709,MSN-8285f98e,DOZ-207,OP-1003,2026-09-13T05:00:00,2164.4,1.8,17,0.0,Fastened,1,4.9,1,0.35,0,normal
TEL-2aeac1ec,MSN-8285f98e,DOZ-207,OP-1003,2026-09-13T05:25:47,2164.6,3.5,34,0.0,Fastened,1,7.0,1,0.35,0,normal
TEL-7caeac56,MSN-8285f98e,DOZ-207,OP-1003,2026-09-13T05:51:35,2164.8,5.3,51,0.0,Fastened,1,3.2,1,0.35,0,normal
TEL-2f6dc1b7,MSN-8285f98e,DOZ-207,OP-1003,2026-09-13T06:17:22,2165.0,7.1,68,0.0,Fastened,1,7.6,1,0.35,0,normal
TEL-035766de,MSN-503af11d,DOZ-207,OP-1010,2026-09-13T14:00:00,2166.2,1.3,8,0.0,Fastened,1,0.0,0,0.35,0,normal
TEL-a6c5cb9d,MSN-503af11d,DOZ-207,OP-1010,2026-09-13T14:16:15,2166.4,2.5,16,0.0,Fastened,1,3.7,1,0.35,0,normal
TEL-5d45c273,MSN-503af11d,DOZ-207,OP-1010,2026-09-13T14:32:30,2166.6,3.8,24,0.0,Fastened,1,4.5,1,0.35,0,normal
TEL-d7c4ffc6,MSN-503af11d,DOZ-207,OP-1010,2026-09-13T14:48:46,2166.8,5.1,32,0.0,Fastened,1,6.4,1,0.35,0,normal
TEL-25b88005,MSN-c6e5db53,EXC-104,OP-1009,2026-09-08T06:00:00,2188.5,1.2,13,0.0,Fastened,1,7.9,1,0.53,0,normal
TEL-ebf5685a,MSN-c6e5db53,EXC-104,OP-1009,2026-09-08T06:21:34,2188.7,2.4,26,4.2,Fastened,1,3.0,1,0.53,0,normal
TEL-57ee00f9,MSN-c6e5db53,EXC-104,OP-1009,2026-09-08T06:43:09,2188.9,3.6,39,4.2,Fastened,1,4.6,1,0.53,0,normal
TEL-ef0f1197,MSN-c6e5db53,EXC-104,OP-1009,2026-09-08T07:04:43,2189.1,4.8,52,4.2,Fastened,1,7.6,1,0.53,0,normal
TEL-0d21119a,MSN-ae3a8a2a,DOZ-205,OP-1008,2026-09-17T21:00:00,1115.1,0.8,7,0.0,Fastened,1,0.0,0,0.35,0,normal
TEL-2b68e8db,MSN-ae3a8a2a,DOZ-205,OP-1008,2026-09-17T21:10:03,1115.3,1.6,14,0.0,Fastened,1,8.3,1,0.35,0,normal
TEL-bb96bdc9,MSN-ae3a8a2a,DOZ-205,OP-1008,2026-09-17T21:20:06,1115.5,2.3,21,0.0,Fastened,1,6.4,1,0.35,0,normal
TEL-fd6c8e05,MSN-ae3a8a2a,DOZ-205,OP-1008,2026-09-17T21:30:10,1115.7,3.1,28,0.0,Fastened,1,0.0,0,0.35,0,normal
TEL-966152a3,MSN-ec636ebe,DOZ-203,OP-1007,2026-09-15T05:00:00,4260.4,1.3,13,0.0,Fastened,1,6.8,1,0.35,0,normal
TEL-8fb99240,MSN-ec636ebe,DOZ-203,OP-1007,2026-09-15T05:17:22,4260.6,2.5,26,0.0,Fastened,1,6.9,1,0.35,0,normal
TEL-4a5c8615,MSN-ec636ebe,DOZ-203,OP-1007,2026-09-15T05:34:45,4260.8,3.8,39,0.0,Fastened,1,0.0,0,0.35,0,normal
TEL-4b96797f,MSN-ec636ebe,DOZ-203,OP-1007,2026-09-15T05:52:08,4261.0,5.1,52,0.0,Fastened,1,2.9,1,0.35,0,normal
TEL-9bdc688b,MSN-6d74660d,EXC-106,OP-1003,2026-09-15T01:00:00,5757.5,0.7,4,0.0,Fastened,1,5.0,1,0.35,0,normal
TEL-4979bd82,MSN-6d74660d,EXC-106,OP-1003,2026-09-15T01:10:05,5757.7,1.3,8,0.0,Fastened,1,3.7,1,0.35,0,normal
TEL-5f01455b,MSN-6d74660d,EXC-106,OP-1003,2026-09-15T01:20:11,5757.9,2.0,12,0.0,Fastened,1,6.2,1,0.35,0,normal
TEL-760bc595,MSN-6d74660d,EXC-106,OP-1003,2026-09-15T01:30:17,5758.1,2.6,16,0.0,Fastened,1,4.0,1,0.35,0,normal
TEL-297dd439,MSN-c3690229,EXC-104,OP-1007,2026-09-06T11:00:00,2190.0,2.1,17,0.0,Fastened,1,6.8,1,0.53,0,normal
TEL-8d79529d,MSN-c3690229,EXC-104,OP-1007,2026-09-06T11:27:32,2190.2,4.2,34,0.0,Fastened,1,8.7,1,0.53,0,normal
TEL-5643db1e,MSN-c3690229,EXC-104,OP-1007,2026-09-06T11:55:05,2190.4,6.2,51,0.0,Fastened,1,2.1,1,0.53,0,normal
TEL-c7e91f75,MSN-c3690229,EXC-104,OP-1007,2026-09-06T12:22:38,2190.6,8.3,68,0.0,Fastened,1,3.8,1,0.53,0,normal
TEL-b5d810f5,MSN-9329f826,EXC-106,OP-1007,2026-09-15T00:00:00,5758.2,2.7,16,0.0,Fastened,1,4.2,1,0.35,0,normal
TEL-7bc53890,MSN-9329f826,EXC-106,OP-1007,2026-09-15T00:37:50,5758.4,5.3,32,0.0,Fastened,1,8.7,1,0.35,0,normal
TEL-106fe1a2,MSN-9329f826,EXC-106,OP-1007,2026-09-15T01:15:40,5758.6,8.0,48,0.0,Fastened,1,3.7,1,0.35,0,normal
TEL-29c1b68e,MSN-9329f826,EXC-106,OP-1007,2026-09-15T01:53:31,5758.8,10.7,64,0.0,Fastened,1,0.0,0,0.35,0,normal
TEL-f2aa43ce,MSN-1ee7b812,EXC-100,OP-1003,2026-09-11T23:00:00,4902.6,1.0,6,0.0,Fastened,1,5.2,1,0.54,0,normal
TEL-13c41071,MSN-1ee7b812,EXC-100,OP-1003,2026-09-11T23:11:51,4902.8,2.0,12,0.0,Fastened,1,5.5,1,0.54,0,normal
TEL-2fa3a4a1,MSN-1ee7b812,EXC-100,OP-1003,2026-09-11T23:23:43,4903.0,3.0,18,0.0,Fastened,1,3.8,1,0.54,0,normal
TEL-70a9e7a5,MSN-1ee7b812,EXC-100,OP-1003,2026-09-11T23:35:35,4903.2,4.0,24,0.0,Fastened,1,6.0,1,0.54,0,normal
TEL-3200c522,MSN-05eecebf,DOZ-205,OP-1008,2026-09-04T13:00:00,1115.7,1.0,12,0.0,Fastened,1,2.3,1,0.38,0,normal
TEL-31197165,MSN-05eecebf,DOZ-205,OP-1008,2026-09-04T13:20:21,1115.9,2.0,24,4.7,Fastened,1,8.1,1,0.38,0,normal
TEL-5583cf93,MSN-05eecebf,DOZ-205,OP-1008,2026-09-04T13:40:42,1116.1,3.0,36,4.7,Fastened,1,4.2,1,0.38,0,normal
TEL-b17b1f7f,MSN-05eecebf,DOZ-205,OP-1008,2026-09-04T14:01:04,1116.3,4.0,48,4.7,Fastened,1,5.2,1,0.38,0,normal
TEL-e95858dc,MSN-845a7889,DOZ-207,OP-1010,2026-09-17T00:00:00,2167.3,0.9,6,0.0,Fastened,1,5.4,1,0.59,0,normal
TEL-9d96ffe7,MSN-845a7889,DOZ-207,OP-1010,2026-09-17T00:15:23,2167.5,1.8,12,0.0,Fastened,1,9.0,1,0.59,0,normal
TEL-73205eb3,MSN-845a7889,DOZ-207,OP-1010,2026-09-17T00:30:46,2167.7,2.7,18,0.0,Fastened,1,8.4,1,0.59,0,normal
TEL-f888bfcb,MSN-845a7889,DOZ-207,OP-1010,2026-09-17T00:46:10,2167.9,3.6,24,0.0,Fastened,1,0.0,0,0.59,0,normal
TEL-a3059755,MSN-bb6e0a2a,EXC-102,OP-1009,2026-09-02T23:00:00,4879.1,1.1,10,0.0,Fastened,1,3.1,1,0.49,0,normal
TEL-494b94a7,MSN-bb6e0a2a,EXC-102,OP-1009,2026-09-02T23:17:12,4879.3,2.3,20,0.0,Fastened,1,5.3,1,0.49,0,normal
TEL-3b1e79a5,MSN-bb6e0a2a,EXC-102,OP-1009,2026-09-02T23:34:24,4879.5,3.4,30,0.0,Fastened,1,8.8,1,0.49,0,normal
TEL-6642a5f6,MSN-bb6e0a2a,EXC-102,OP-1009,2026-09-02T23:51:37,4879.7,4.6,40,0.0,Fastened,1,4.2,1,0.49,0,normal
TEL-29a7e3e1,MSN-44cbbd6b,EXC-100,OP-1010,2026-09-08T08:00:00,4903.4,0.6,6,0.0,Fastened,1,3.6,1,0.37,0,normal
TEL-add1a9eb,MSN-44cbbd6b,EXC-100,OP-1010,2026-09-08T08:13:34,4903.6,1.2,12,3.0,Fastened,1,4.8,1,0.37,0,normal
TEL-fe48a645,MSN-44cbbd6b,EXC-100,OP-1010,2026-09-08T08:27:08,4903.8,1.9,18,3.0,Fastened,1,0.0,0,0.37,0,normal
TEL-b042827e,MSN-44cbbd6b,EXC-100,OP-1010,2026-09-08T08:40:43,4904.0,2.5,24,3.0,Fastened,1,6.1,1,0.37,0,normal
TEL-5ee075aa,MSN-83693ffa,DOZ-205,OP-1002,2026-09-02T06:00:00,1117.1,0.9,5,0.0,Fastened,1,0.0,0,0.35,0,normal
TEL-9687c138,MSN-83693ffa,DOZ-205,OP-1002,2026-09-02T06:13:38,1117.3,1.8,10,0.0,Fastened,1,6.3,1,0.35,0,normal
TEL-3401f487,MSN-83693ffa,DOZ-205,OP-1002,2026-09-02T06:27:16,1117.5,2.7,15,0.0,Fastened,1,4.1,1,0.35,0,normal
TEL-51b4ac11,MSN-83693ffa,DOZ-205,OP-1002,2026-09-02T06:40:55,1117.7,3.6,20,0.0,Fastened,1,5.9,1,0.35,0,normal
TEL-6be78481,MSN-b00913a1,EXC-100,OP-1009,2026-09-16T14:00:00,4904.3,1.8,12,0.0,Fastened,1,8.9,1,0.7,0,normal
TEL-209e4f92,MSN-b00913a1,EXC-100,OP-1009,2026-09-16T14:23:26,4904.5,3.6,24,0.0,Fastened,1,7.4,1,0.7,0,normal
TEL-11a18698,MSN-b00913a1,EXC-100,OP-1009,2026-09-16T14:46:53,4904.7,5.4,36,0.0,Fastened,1,0.0,0,0.7,0,normal
TEL-a78295f2,MSN-b00913a1,EXC-100,OP-1009,2026-09-16T15:10:20,4904.9,7.2,48,0.0,Fastened,1,0.0,0,0.7,0,normal
TEL-8e428ec4,MSN-323824e9,EXC-106,OP-1004,2026-09-05T01:00:00,5760.7,1.4,10,0.0,Fastened,1,5.3,1,0.35,0,normal
TEL-d5d12020,MSN-323824e9,EXC-106,OP-1004,2026-09-05T01:21:58,5760.9,2.9,20,0.0,Fastened,1,6.3,1,0.35,0,normal
TEL-7a211f60,MSN-323824e9,EXC-106,OP-1004,2026-09-05T01:43:56,5761.1,4.3,30,0.0,Fastened,1,3.2,1,0.35,0,normal
TEL-203a9cbf,MSN-323824e9,EXC-106,OP-1004,2026-09-05T02:05:54,5761.3,5.7,40,0.0,Fastened,1,0.0,0,0.35,0,normal
TEL-4eaad3b9,MSN-259177b7,DOZ-205,OP-1009,2026-09-09T08:00:00,1118.0,1.2,7,0.0,Fastened,1,2.9,1,0.35,0,normal
TEL-0035e0d4,MSN-259177b7,DOZ-205,OP-1009,2026-09-09T08:19:00,1118.2,2.4,14,0.0,Fastened,1,8.6,1,0.35,0,normal
TEL-3f80a83e,MSN-259177b7,DOZ-205,OP-1009,2026-09-09T08:38:00,1118.4,3.6,21,0.0,Fastened,1,9.0,1,0.35,0,normal
TEL-5882549d,MSN-259177b7,DOZ-205,OP-1009,2026-09-09T08:57:00,1118.6,4.8,28,0.0,Fastened,1,0.0,0,0.35,0,normal
TEL-d2763193,MSN-4c4f1882,DOZ-205,OP-1003,2026-09-06T10:00:00,1119.3,1.6,14,0.0,Fastened,1,4.9,1,0.35,0,normal
TEL-6c3dcb60,MSN-4c4f1882,DOZ-205,OP-1003,2026-09-06T10:22:08,1119.5,3.1,28,0.0,Fastened,1,4.9,1,0.35,0,normal
TEL-084af141,MSN-4c4f1882,DOZ-205,OP-1003,2026-09-06T10:44:16,1119.7,4.7,42,0.0,Fastened,1,4.6,1,0.35,0,normal
TEL-6b3d1216,MSN-4c4f1882,DOZ-205,OP-1003,2026-09-06T11:06:24,1119.9,6.3,56,0.0,Fastened,1,0.0,0,0.35,0,normal
TEL-0a4505f0,MSN-55bc559b,EXC-104,OP-1001,2026-09-08T04:00:00,2191.8,2.0,12,0.0,Fastened,1,3.4,1,0.35,0,normal
TEL-1888fdca,MSN-55bc559b,EXC-104,OP-1001,2026-09-08T04:28:41,2192.0,4.0,24,3.6,Fastened,1,6.9,1,0.35,0,normal
TEL-200082a5,MSN-55bc559b,EXC-104,OP-1001,2026-09-08T04:57:23,2192.2,5.9,36,3.6,Fastened,1,3.9,1,0.35,0,normal
TEL-7098f565,MSN-55bc559b,EXC-104,OP-1001,2026-09-08T05:26:05,2192.4,7.9,48,3.6,Fastened,1,3.7,1,0.35,0,normal
TEL-7b5b86f5,MSN-547d1a2e,EXC-104,OP-1002,2026-09-05T15:00:00,2193.7,0.6,4,0.0,Fastened,1,5.3,1,0.39,0,normal
TEL-c23ab0b9,MSN-547d1a2e,EXC-104,OP-1002,2026-09-05T15:09:02,2193.9,1.1,8,0.0,Unfastened,1,3.9,1,0.39,0,normal
TEL-d878fa97,MSN-547d1a2e,EXC-104,OP-1002,2026-09-05T15:18:04,2194.1,1.7,12,0.0,Fastened,1,6.7,1,0.39,0,normal
TEL-1cc408f5,MSN-547d1a2e,EXC-104,OP-1002,2026-09-05T15:27:06,2194.3,2.3,16,0.0,Fastened,1,4.4,1,0.39,0,normal
TEL-399ea7e1,MSN-5b9a2d5e,DOZ-207,OP-1007,2026-09-11T12:00:00,2168.3,1.1,8,0.0,Fastened,1,0.0,0,0.35,0,normal
TEL-5ebabfa9,MSN-5b9a2d5e,DOZ-207,OP-1007,2026-09-11T12:12:55,2168.5,2.1,16,0.0,Fastened,1,0.0,0,0.35,0,normal
TEL-2342cfc0,MSN-5b9a2d5e,DOZ-207,OP-1007,2026-09-11T12:25:51,2168.7,3.2,24,0.0,Fastened,1,0.0,0,0.35,0,normal
TEL-f14c4284,MSN-5b9a2d5e,DOZ-207,OP-1007,2026-09-11T12:38:47,2168.9,4.3,32,0.0,Fastened,1,5.0,1,0.35,0,normal
TEL-58ab7916,MSN-f860be9f,DOZ-201,OP-1002,2026-09-13T05:00:00,239.4,0.7,4,0.0,Fastened,1,0.0,0,0.39,0,normal
TEL-29a6b158,MSN-f860be9f,DOZ-201,OP-1002,2026-09-13T05:08:45,239.6,1.4,8,0.0,Fastened,1,2.7,1,0.39,0,normal
TEL-05618252,MSN-f860be9f,DOZ-201,OP-1002,2026-09-13T05:17:30,239.8,2.2,12,0.0,Fastened,1,4.4,1,0.39,0,normal
TEL-18662a04,MSN-f860be9f,DOZ-201,OP-1002,2026-09-13T05:26:15,240.0,2.9,16,0.0,Fastened,1,4.7,1,0.39,0,normal
TEL-e1a9ac64,MSN-9c7dd829,EXC-106,OP-1010,2026-09-09T19:00:00,5762.2,0.7,7,0.0,Fastened,1,2.7,1,0.5,0,normal
TEL-9b4a9d97,MSN-9c7dd829,EXC-106,OP-1010,2026-09-09T19:09:43,5762.4,1.3,14,0.0,Fastened,1,0.0,0,0.5,0,normal
TEL-f53737b8,MSN-9c7dd829,EXC-106,OP-1010,2026-09-09T19:19:27,5762.6,2.0,21,0.0,Fastened,1,8.8,1,0.5,0,normal
TEL-dcb6c256,MSN-9c7dd829,EXC-106,OP-1010,2026-09-09T19:29:11,5762.8,2.6,28,0.0,Fastened,1,7.8,1,0.5,0,normal
TEL-8bc82f67,MSN-b6953047,DOZ-207,OP-1007,2026-09-02T13:00:00,2169.1,1.1,8,0.0,Fastened,1,0.0,0,0.35,0,normal
TEL-0a5cff17,MSN-b6953047,DOZ-207,OP-1007,2026-09-02T13:18:41,2169.3,2.2,16,4.6,Fastened,1,6.4,1,0.35,0,normal
TEL-5573cee8,MSN-b6953047,DOZ-207,OP-1007,2026-09-02T13:37:23,2169.5,3.3,24,4.6,Fastened,1,4.6,1,0.35,0,normal
TEL-7776bd3b,MSN-b6953047,DOZ-207,OP-1007,2026-09-02T13:56:05,2169.7,4.4,32,4.6,Fastened,1,3.2,1,0.35,0,normal
TEL-bbe3474d,MSN-d397ff47,EXC-104,OP-1002,2026-09-09T14:00:00,2194.3,0.7,5,0.0,Fastened,1,0.0,0,0.35,0,normal
TEL-ee28bbf6,MSN-d397ff47,EXC-104,OP-1002,2026-09-09T14:12:51,2194.5,1.4,10,0.0,Fastened,1,8.8,1,0.35,0,normal
TEL-d0c7cbb6,MSN-d397ff47,EXC-104,OP-1002,2026-09-09T14:25:42,2194.7,2.2,15,0.0,Fastened,1,4.6,1,0.35,0,normal
TEL-c649e692,MSN-d397ff47,EXC-104,OP-1002,2026-09-09T14:38:33,2194.9,2.9,20,0.0,Fastened,1,3.8,1,0.35,0,normal
TEL-d2180c6a,MSN-7fabcda7,EXC-104,OP-1006,2026-09-15T23:00:00,2195.2,1.4,8,0.0,Fastened,1,6.8,1,0.82,0,normal
TEL-d72ebdbc,MSN-7fabcda7,EXC-104,OP-1006,2026-09-15T23:18:11,2195.4,2.7,16,0.0,Fastened,1,6.6,1,0.82,0,normal
TEL-3657bcad,MSN-7fabcda7,EXC-104,OP-1006,2026-09-15T23:36:23,2195.6,4.1,24,0.0,Fastened,1,4.9,1,0.82,0,normal
TEL-3102c5d7,MSN-7fabcda7,EXC-104,OP-1006,2026-09-15T23:54:34,2195.8,5.4,32,0.0,Fastened,1,2.2,1,0.82,0,normal
TEL-fac2d41d,MSN-7af95011,DOZ-205,OP-1008,2026-09-05T00:00:00,1120.7,1.5,7,0.0,Fastened,1,6.1,1,0.35,0,normal
TEL-228bbe67,MSN-7af95011,DOZ-205,OP-1008,2026-09-05T00:25:09,1120.9,3.0,14,3.9,Unfastened,1,2.8,1,0.35,0,normal
TEL-54a799f8,MSN-7af95011,DOZ-205,OP-1008,2026-09-05T00:50:18,1121.1,4.4,21,3.9,Fastened,1,6.1,1,0.35,0,normal
TEL-a70bfe3f,MSN-7af95011,DOZ-205,OP-1008,2026-09-05T01:15:28,1121.3,5.9,28,3.9,Fastened,1,5.3,1,0.35,0,normal
TEL-b71a8eda,MSN-a87312aa,EXC-102,OP-1003,2026-09-08T16:00:00,4880.2,0.6,6,0.0,Fastened,1,3.9,1,0.4,0,normal
TEL-62ffa1c2,MSN-a87312aa,EXC-102,OP-1003,2026-09-08T16:10:08,4880.4,1.2,12,0.0,Fastened,1,3.2,1,0.4,0,normal
TEL-d7103ebe,MSN-a87312aa,EXC-102,OP-1003,2026-09-08T16:20:16,4880.6,1.8,18,0.0,Fastened,1,5.4,1,0.4,0,normal
TEL-477fded2,MSN-a87312aa,EXC-102,OP-1003,2026-09-08T16:30:25,4880.8,2.4,24,0.0,Fastened,1,2.6,1,0.4,0,normal
TEL-d45bf172,MSN-829d4c08,DOZ-203,OP-1001,2026-09-01T16:00:00,4261.6,0.6,6,0.0,Fastened,1,2.5,1,0.35,0,normal
TEL-1ed5afdb,MSN-829d4c08,DOZ-203,OP-1001,2026-09-01T16:10:26,4261.8,1.2,12,0.0,Fastened,1,8.6,1,0.35,0,normal
TEL-d4ba28a5,MSN-829d4c08,DOZ-203,OP-1001,2026-09-01T16:20:52,4262.0,1.9,18,0.0,Fastened,1,5.6,1,0.35,0,normal
TEL-a464fdad,MSN-829d4c08,DOZ-203,OP-1001,2026-09-01T16:31:18,4262.2,2.5,24,0.0,Fastened,1,5.0,1,0.35,0,normal
TEL-2eca2add,MSN-fa544437,EXC-100,OP-1007,2026-09-06T03:00:00,4905.9,1.0,7,0.0,Fastened,1,5.8,1,0.47,0,normal
TEL-74326b0d,MSN-fa544437,EXC-100,OP-1007,2026-09-06T03:15:22,4906.1,2.0,14,4.6,Fastened,1,3.1,1,0.47,0,normal
TEL-0dc6a13a,MSN-fa544437,EXC-100,OP-1007,2026-09-06T03:30:45,4906.3,3.0,21,4.6,Fastened,1,4.1,1,0.47,0,normal
TEL-f935b560,MSN-fa544437,EXC-100,OP-1007,2026-09-06T03:46:07,4906.5,4.0,28,4.6,Fastened,1,6.6,1,0.47,0,normal
TEL-dd440fd2,MSN-48b822c2,DOZ-201,OP-1010,2026-09-03T19:00:00,240.0,1.2,16,0.0,Fastened,1,2.8,1,0.67,0,normal
TEL-58390529,MSN-48b822c2,DOZ-201,OP-1010,2026-09-03T19:18:13,240.2,2.4,32,0.0,Fastened,1,5.5,1,0.67,0,normal
TEL-3bff0c25,MSN-48b822c2,DOZ-201,OP-1010,2026-09-03T19:36:27,240.4,3.5,48,0.0,Fastened,1,2.5,1,0.67,0,normal
TEL-ec6d1c4a,MSN-48b822c2,DOZ-201,OP-1010,2026-09-03T19:54:41,240.6,4.7,64,0.0,Fastened,1,8.3,1,0.67,0,normal
TEL-c953e975,MSN-568211c0,EXC-100,OP-1003,2026-09-09T01:00:00,4906.9,1.4,9,0.0,Fastened,1,2.8,1,0.35,0,normal
TEL-ff6cf8ab,MSN-568211c0,EXC-100,OP-1003,2026-09-09T01:18:33,4907.1,2.9,18,0.0,Fastened,1,5.2,1,0.35,0,normal
TEL-5c440ce0,MSN-568211c0,EXC-100,OP-1003,2026-09-09T01:37:06,4907.3,4.3,27,0.0,Fastened,1,5.3,1,0.35,0,normal
TEL-388e457d,MSN-568211c0,EXC-100,OP-1003,2026-09-09T01:55:40,4907.5,5.7,36,0.0,Fastened,1,8.2,1,0.35,0,normal
TEL-85fc8926,MSN-7df80094,DOZ-207,OP-1010,2026-09-05T05:00:00,2170.4,0.8,7,0.0,Fastened,1,7.4,1,0.51,0,normal
TEL-f7fab63c,MSN-7df80094,DOZ-207,OP-1010,2026-09-05T05:11:56,2170.6,1.6,14,0.0,Fastened,1,6.0,1,0.51,0,normal
TEL-c3efad2c,MSN-7df80094,DOZ-207,OP-1010,2026-09-05T05:23:52,2170.8,2.5,21,0.0,Fastened,1,4.4,1,0.51,0,normal
TEL-7f51db38,MSN-7df80094,DOZ-207,OP-1010,2026-09-05T05:35:48,2171.0,3.3,28,0.0,Fastened,1,6.9,1,0.51,0,normal
TEL-0e25a1a7,MSN-3443c4cd,EXC-100,OP-1009,2026-09-15T02:00:00,4908.1,0.8,6,0.0,Fastened,1,7.7,1,0.35,0,normal
TEL-85248243,MSN-3443c4cd,EXC-100,OP-1009,2026-09-15T02:10:47,4908.3,1.6,12,0.0,Fastened,1,5.1,1,0.35,0,normal
TEL-692d0b98,MSN-3443c4cd,EXC-100,OP-1009,2026-09-15T02:21:35,4908.5,2.5,18,0.0,Fastened,1,2.6,1,0.35,0,normal
TEL-3221d740,MSN-3443c4cd,EXC-100,OP-1009,2026-09-15T02:32:23,4908.7,3.3,24,0.0,Fastened,1,4.2,1,0.35,0,normal
TEL-ae7a4588,MSN-b8dc5cd0,EXC-100,OP-1009,2026-09-14T06:00:00,4908.8,0.9,6,0.0,Fastened,1,6.2,1,0.35,0,normal
TEL-4b84f706,MSN-b8dc5cd0,EXC-100,OP-1009,2026-09-14T06:11:54,4909.0,1.9,12,0.0,Fastened,1,4.5,1,0.35,0,normal
TEL-7dc638e2,MSN-b8dc5cd0,EXC-100,OP-1009,2026-09-14T06:23:48,4909.2,2.8,18,0.0,Fastened,1,2.7,1,0.35,0,normal
TEL-de7fb0d7,MSN-b8dc5cd0,EXC-100,OP-1009,2026-09-14T06:35:42,4909.4,3.8,24,0.0,Fastened,1,2.0,1,0.35,0,normal
TEL-7cd0f54a,MSN-e7882fb5,EXC-102,OP-1001,2026-09-04T08:00:00,4880.9,1.0,7,0.0,Fastened,1,0.0,0,0.35,0,normal
TEL-4392eead,MSN-e7882fb5,EXC-102,OP-1001,2026-09-04T08:13:22,4881.1,2.0,14,0.0,Fastened,1,6.1,1,0.35,0,normal
TEL-3f2b63b5,MSN-e7882fb5,EXC-102,OP-1001,2026-09-04T08:26:45,4881.3,3.0,21,0.0,Fastened,1,0.0,0,0.35,0,normal
TEL-b45d448d,MSN-e7882fb5,EXC-102,OP-1001,2026-09-04T08:40:08,4881.5,4.0,28,0.0,Fastened,1,7.2,1,0.35,0,normal
TEL-96bcfb5c,MSN-f4008eee,EXC-102,OP-1003,2026-09-09T15:00:00,4881.8,1.4,9,0.0,Fastened,1,0.0,0,0.35,0,normal
TEL-d339f95c,MSN-f4008eee,EXC-102,OP-1003,2026-09-09T15:17:51,4882.0,2.8,18,0.0,Fastened,1,4.2,1,0.35,0,normal
TEL-c33d6ef9,MSN-f4008eee,EXC-102,OP-1003,2026-09-09T15:35:42,4882.2,4.1,27,0.0,Fastened,1,3.5,1,0.35,0,normal
TEL-5560a844,MSN-f4008eee,EXC-102,OP-1003,2026-09-09T15:53:33,4882.4,5.5,36,0.0,Fastened,1,7.0,1,0.35,0,normal
TEL-46cd477c,MSN-3e148e12,DOZ-201,OP-1006,2026-09-13T08:00:00,241.2,0.9,7,0.0,Fastened,1,4.0,1,0.35,0,normal
TEL-a6fd5759,MSN-3e148e12,DOZ-201,OP-1006,2026-09-13T08:15:18,241.4,1.9,14,0.0,Fastened,1,7.9,1,0.35,0,normal
TEL-836efb95,MSN-3e148e12,DOZ-201,OP-1006,2026-09-13T08:30:37,241.6,2.8,21,0.0,Fastened,1,7.3,1,0.35,0,normal
TEL-b0363289,MSN-3e148e12,DOZ-201,OP-1006,2026-09-13T08:45:56,241.8,3.8,28,0.0,Fastened,1,7.7,1,0.35,0,normal
TEL-6db014c9,MSN-96966a48,EXC-104,OP-1009,2026-09-09T12:00:00,2196.4,1.9,10,0.0,Fastened,1,0.0,0,0.73,0,normal
TEL-6155ad85,MSN-96966a48,EXC-104,OP-1009,2026-09-09T12:26:16,2196.6,3.9,20,0.0,Fastened,1,6.5,1,0.73,0,normal
TEL-78b2bc2b,MSN-96966a48,EXC-104,OP-1009,2026-09-09T12:52:33,2196.8,5.8,30,0.0,Fastened,1,5.8,1,0.73,0,normal
TEL-587613d7,MSN-96966a48,EXC-104,OP-1009,2026-09-09T13:18:49,2197.0,7.7,40,0.0,Fastened,1,7.4,1,0.73,0,normal
TEL-ce8ce00d,MSN-80427608,DOZ-201,OP-1003,2026-09-02T05:00:00,242.2,1.1,8,0.0,Fastened,1,8.7,1,0.35,0,normal
TEL-b742ef7b,MSN-80427608,DOZ-201,OP-1003,2026-09-02T05:20:15,242.4,2.2,16,2.2,Fastened,1,7.5,1,0.35,0,normal
TEL-e4e41d8b,MSN-80427608,DOZ-201,OP-1003,2026-09-02T05:40:30,242.6,3.4,24,2.2,Fastened,1,4.8,1,0.35,0,normal
TEL-8bbbde9d,MSN-80427608,DOZ-201,OP-1003,2026-09-02T06:00:46,242.8,4.5,32,2.2,Fastened,1,8.2,1,0.35,0,normal
TEL-71e3b094,MSN-97c3f1fd,EXC-100,OP-1009,2026-09-15T15:00:00,4909.6,1.6,14,0.0,Fastened,1,2.2,1,0.71,0,normal
TEL-f97a1b5e,MSN-97c3f1fd,EXC-100,OP-1009,2026-09-15T15:26:38,4909.8,3.3,28,0.0,Fastened,1,7.4,1,0.71,0,normal
TEL-b8da24f7,MSN-97c3f1fd,EXC-100,OP-1009,2026-09-15T15:53:16,4910.0,4.9,42,0.0,Fastened,1,5.6,1,0.71,0,normal
TEL-f8b9f999,MSN-97c3f1fd,EXC-100,OP-1009,2026-09-15T16:19:54,4910.2,6.6,56,0.0,Fastened,1,4.1,1,0.71,0,normal
TEL-8d74851f,MSN-93562aa8,EXC-100,OP-1009,2026-09-05T20:00:00,4911.4,0.8,11,0.0,Fastened,1,5.9,1,0.35,0,normal
TEL-79cdb641,MSN-93562aa8,EXC-100,OP-1009,2026-09-05T20:13:54,4911.6,1.7,22,0.0,Fastened,1,3.6,1,0.35,0,normal
TEL-33a35b47,MSN-93562aa8,EXC-100,OP-1009,2026-09-05T20:27:48,4911.8,2.5,33,0.0,Fastened,1,6.4,1,0.35,0,normal
TEL-ac2621f3,MSN-93562aa8,EXC-100,OP-1009,2026-09-05T20:41:42,4912.0,3.4,44,0.0,Fastened,1,2.1,1,0.35,0,normal
TEL-5ffb95cb,MSN-4ae19562,DOZ-205,OP-1002,2026-09-07T13:00:00,1122.4,1.6,15,0.0,Fastened,1,5.8,1,0.57,0,normal
TEL-85267410,MSN-4ae19562,DOZ-205,OP-1002,2026-09-07T13:25:17,1122.6,3.2,30,0.0,Fastened,1,0.0,0,0.57,0,normal
TEL-03a74180,MSN-4ae19562,DOZ-205,OP-1002,2026-09-07T13:50:34,1122.8,4.8,45,0.0,Fastened,1,6.7,1,0.57,0,normal
TEL-e095ce05,MSN-4ae19562,DOZ-205,OP-1002,2026-09-07T14:15:51,1123.0,6.4,60,0.0,Fastened,1,0.0,0,0.57,0,normal
TEL-74eeea0a,MSN-d362d204,EXC-102,OP-1009,2026-09-02T06:00:00,4883.0,1.1,13,0.0,Fastened,1,8.0,1,0.49,0,normal
TEL-03bf11ec,MSN-d362d204,EXC-102,OP-1009,2026-09-02T06:17:30,4883.2,2.1,26,0.0,Fastened,1,0.0,0,0.49,0,normal
TEL-0d77907b,MSN-d362d204,EXC-102,OP-1009,2026-09-02T06:35:00,4883.4,3.2,39,0.0,Fastened,1,0.0,0,0.49,0,normal
TEL-3d283941,MSN-d362d204,EXC-102,OP-1009,2026-09-02T06:52:30,4883.6,4.3,52,0.0,Fastened,1,5.8,1,0.49,0,normal
TEL-1e96de03,MSN-216b7fd5,DOZ-205,OP-1006,2026-09-15T16:00:00,1124.1,1.9,16,0.0,Fastened,1,5.0,1,0.49,0,normal
TEL-b512cee4,MSN-216b7fd5,DOZ-205,OP-1006,2026-09-15T16:27:27,1124.3,3.8,32,0.0,Fastened,1,3.7,1,0.49,0,normal
TEL-1353a06e,MSN-216b7fd5,DOZ-205,OP-1006,2026-09-15T16:54:54,1124.5,5.7,48,0.0,Fastened,1,7.2,1,0.49,0,normal
TEL-ce04bb9f,MSN-216b7fd5,DOZ-205,OP-1006,2026-09-15T17:22:21,1124.7,7.6,64,0.0,Fastened,1,7.9,1,0.49,0,normal
TEL-4579a28b,MSN-50801300,DOZ-201,OP-1008,2026-09-15T03:00:00,243.6,1.0,4,0.0,Fastened,1,7.4,1,0.35,0,normal
TEL-fb77a919,MSN-50801300,DOZ-201,OP-1008,2026-09-15T03:14:43,243.8,1.9,8,1.7,Fastened,1,3.6,1,0.35,0,normal
TEL-39bb81ac,MSN-50801300,DOZ-201,OP-1008,2026-09-15T03:29:27,244.0,2.9,12,1.7,Fastened,1,4.0,1,0.35,0,normal
TEL-6a911888,MSN-50801300,DOZ-201,OP-1008,2026-09-15T03:44:10,244.2,3.9,16,1.7,Fastened,1,5.6,1,0.35,0,normal
TEL-727ef520,MSN-95705c97,EXC-102,OP-1009,2026-09-04T18:00:00,4884.1,2.1,19,0.0,Fastened,1,8.4,1,0.52,0,normal
TEL-ab3472da,MSN-95705c97,EXC-102,OP-1009,2026-09-04T18:30:02,4884.3,4.2,38,0.0,Fastened,1,5.3,1,0.52,0,normal
TEL-c0e0a637,MSN-95705c97,EXC-102,OP-1009,2026-09-04T19:00:04,4884.5,6.2,57,0.0,Fastened,1,2.3,1,0.52,0,normal
TEL-e13b9715,MSN-95705c97,EXC-102,OP-1009,2026-09-04T19:30:07,4884.7,8.3,76,0.0,Fastened,1,0.0,0,0.52,0,normal
TEL-ed976490,MSN-c8d43844,EXC-102,OP-1010,2026-09-15T07:00:00,4886.1,0.5,8,0.0,Fastened,1,3.5,1,0.59,0,normal
TEL-63351725,MSN-c8d43844,EXC-102,OP-1010,2026-09-15T07:07:59,4886.3,1.1,16,0.0,Fastened,1,4.5,1,0.59,0,normal
TEL-2519c798,MSN-c8d43844,EXC-102,OP-1010,2026-09-15T07:15:59,4886.5,1.6,24,0.0,Fastened,1,3.6,1,0.59,0,normal
TEL-55be3e59,MSN-c8d43844,EXC-102,OP-1010,2026-09-15T07:23:58,4886.7,2.1,32,0.0,Fastened,1,0.0,0,0.59,0,normal
TEL-cea5f745,MSN-1ead811b,EXC-100,OP-1007,2026-09-02T07:00:00,4912.3,1.6,10,0.0,Fastened,1,8.1,1,0.53,0,normal
TEL-afdfb30f,MSN-1ead811b,EXC-100,OP-1007,2026-09-02T07:23:57,4912.5,3.2,20,0.0,Fastened,1,7.7,1,0.53,0,normal
TEL-b060259e,MSN-1ead811b,EXC-100,OP-1007,2026-09-02T07:47:55,4912.7,4.9,30,0.0,Fastened,1,0.0,0,0.53,0,normal
TEL-b0340382,MSN-1ead811b,EXC-100,OP-1007,2026-09-02T08:11:52,4912.9,6.5,40,0.0,Fastened,1,6.2,1,0.53,0,normal
TEL-dfc8ed65,MSN-503d5047,EXC-102,OP-1010,2026-09-04T22:00:00,4886.7,1.7,15,0.0,Fastened,1,2.7,1,0.53,0,normal
TEL-1e115ed6,MSN-503d5047,EXC-102,OP-1010,2026-09-04T22:25:37,4886.9,3.5,30,0.0,Fastened,1,6.3,1,0.53,0,normal
TEL-a1474298,MSN-503d5047,EXC-102,OP-1010,2026-09-04T22:51:15,4887.1,5.2,45,0.0,Fastened,1,7.5,1,0.53,0,normal
TEL-9bae6704,MSN-503d5047,EXC-102,OP-1010,2026-09-04T23:16:53,4887.3,6.9,60,0.0,Fastened,1,2.8,1,0.53,0,normal
TEL-05090639,MSN-7008c574,EXC-100,OP-1006,2026-09-06T06:00:00,4913.9,0.8,6,0.0,Fastened,1,0.0,0,0.36,0,normal
TEL-bf5de9b9,MSN-7008c574,EXC-100,OP-1006,2026-09-06T06:11:29,4914.1,1.5,12,0.0,Fastened,1,6.2,1,0.36,0,normal
TEL-113f1ee5,MSN-7008c574,EXC-100,OP-1006,2026-09-06T06:22:58,4914.3,2.2,18,0.0,Fastened,1,3.8,1,0.36,0,normal
TEL-9e96e431,MSN-7008c574,EXC-100,OP-1006,2026-09-06T06:34:28,4914.5,3.0,24,0.0,Fastened,1,7.2,1,0.36,0,normal
TEL-edeacab6,MSN-561e74c9,EXC-106,OP-1006,2026-09-03T15:00:00,5762.8,1.1,9,0.0,Fastened,1,6.9,1,0.35,0,normal
TEL-caef2785,MSN-561e74c9,EXC-106,OP-1006,2026-09-03T15:17:07,5763.0,2.2,18,0.0,Fastened,1,8.0,1,0.35,0,normal
TEL-9b463a62,MSN-561e74c9,EXC-106,OP-1006,2026-09-03T15:34:14,5763.2,3.3,27,0.0,Fastened,1,5.1,1,0.35,0,normal
TEL-33931913,MSN-561e74c9,EXC-106,OP-1006,2026-09-03T15:51:21,5763.4,4.4,36,0.0,Fastened,1,3.1,1,0.35,0,normal
TEL-7e2280c8,MSN-0455e7d5,EXC-102,OP-1001,2026-09-14T22:00:00,4888.4,2.5,14,0.0,Fastened,1,4.0,1,0.35,0,normal
TEL-8455367b,MSN-0455e7d5,EXC-102,OP-1001,2026-09-14T22:34:03,4888.6,5.0,28,0.0,Fastened,1,0.0,0,0.35,0,normal
TEL-402364da,MSN-0455e7d5,EXC-102,OP-1001,2026-09-14T23:08:07,4888.8,7.4,42,0.0,Fastened,1,7.4,1,0.35,0,normal
TEL-edc4ff54,MSN-0455e7d5,EXC-102,OP-1001,2026-09-14T23:42:11,4889.0,9.9,56,0.0,Fastened,1,5.5,1,0.35,0,normal
TEL-2b0a3a11,MSN-c6465967,EXC-102,OP-1004,2026-09-09T01:00:00,4890.7,1.9,19,0.0,Fastened,1,4.0,1,0.46,0,normal
TEL-f424abd2,MSN-c6465967,EXC-102,OP-1004,2026-09-09T01:26:39,4890.9,3.9,38,0.0,Fastened,1,0.0,0,0.46,0,normal
TEL-c3057029,MSN-c6465967,EXC-102,OP-1004,2026-09-09T01:53:18,4891.1,5.8,57,0.0,Fastened,1,0.0,0,0.46,0,normal
TEL-953635fd,MSN-c6465967,EXC-102,OP-1004,2026-09-09T02:19:57,4891.3,7.7,76,0.0,Fastened,1,8.7,1,0.46,0,normal
TEL-99faaef7,MSN-839accf1,EXC-102,OP-1005,2026-09-12T04:00:00,4892.4,0.8,5,0.0,Fastened,1,7.4,1,0.87,0,normal
TEL-759bb355,MSN-839accf1,EXC-102,OP-1005,2026-09-12T04:09:59,4892.6,1.6,10,0.0,Fastened,1,8.7,1,0.87,0,normal
TEL-ec2a9b16,MSN-839accf1,EXC-102,OP-1005,2026-09-12T04:19:58,4892.8,2.4,15,0.0,Fastened,1,5.2,1,0.87,0,normal
TEL-0e884ada,MSN-839accf1,EXC-102,OP-1005,2026-09-12T04:29:58,4893.0,3.2,20,0.0,Fastened,1,2.2,1,0.87,0,normal
TEL-f6b264bd,MSN-4457262a,DOZ-205,OP-1007,2026-09-16T07:00:00,1125.9,1.4,6,0.0,Fastened,1,3.4,1,0.35,0,normal
TEL-be229b4b,MSN-4457262a,DOZ-205,OP-1007,2026-09-16T07:17:34,1126.1,2.8,12,0.0,Fastened,1,6.3,1,0.35,0,normal
TEL-6563fdf0,MSN-4457262a,DOZ-205,OP-1007,2026-09-16T07:35:09,1126.3,4.1,18,0.0,Fastened,1,8.4,1,0.35,0,normal
TEL-d0d7c7af,MSN-4457262a,DOZ-205,OP-1007,2026-09-16T07:52:44,1126.5,5.5,24,0.0,Fastened,1,6.6,1,0.35,0,normal
TEL-8f2ce4a8,MSN-ef452870,EXC-104,OP-1008,2026-09-05T06:00:00,2198.1,0.8,5,0.0,Fastened,1,4.2,1,0.35,0,normal
TEL-ac97b152,MSN-ef452870,EXC-104,OP-1008,2026-09-05T06:11:49,2198.3,1.6,10,0.0,Fastened,1,6.7,1,0.35,0,normal
TEL-a4c00251,MSN-ef452870,EXC-104,OP-1008,2026-09-05T06:23:38,2198.5,2.4,15,0.0,Fastened,1,4.5,1,0.35,0,normal
TEL-137be8d6,MSN-ef452870,EXC-104,OP-1008,2026-09-05T06:35:28,2198.7,3.2,20,0.0,Fastened,1,0.0,0,0.35,0,normal
TEL-d4e19dd4,MSN-29cd343e,DOZ-207,OP-1003,2026-09-05T20:00:00,2171.2,2.0,13,0.0,Fastened,1,8.0,1,0.35,0,normal
TEL-a4504913,MSN-29cd343e,DOZ-207,OP-1003,2026-09-05T20:28:41,2171.4,4.0,26,0.0,Fastened,1,7.6,1,0.35,0,normal
TEL-44cffcbc,MSN-29cd343e,DOZ-207,OP-1003,2026-09-05T20:57:23,2171.6,6.1,39,0.0,Fastened,1,5.3,1,0.35,0,normal
TEL-3336c5d1,MSN-29cd343e,DOZ-207,OP-1003,2026-09-05T21:26:05,2171.8,8.1,52,0.0,Fastened,1,5.0,1,0.35,0,normal
TEL-40bcd217,MSN-a408bb57,EXC-100,OP-1010,2026-09-03T11:00:00,4914.7,0.7,4,0.0,Fastened,1,6.5,1,0.58,0,normal
TEL-5595fbf2,MSN-a408bb57,EXC-100,OP-1010,2026-09-03T11:07:58,4914.9,1.4,8,0.0,Fastened,1,8.9,1,0.58,0,normal
TEL-64752459,MSN-a408bb57,EXC-100,OP-1010,2026-09-03T11:15:57,4915.1,2.0,12,0.0,Fastened,1,5.6,1,0.58,0,normal
TEL-95bf1968,MSN-a408bb57,EXC-100,OP-1010,2026-09-03T11:23:56,4915.3,2.7,16,0.0,Fastened,1,5.1,1,0.58,0,normal
TEL-a51f183b,MSN-15dc4724,EXC-106,OP-1006,2026-09-02T21:00:00,5764.0,1.1,7,0.0,Fastened,1,0.0,0,0.35,0,normal
TEL-8644ece3,MSN-15dc4724,EXC-106,OP-1006,2026-09-02T21:12:41,5764.2,2.1,14,0.0,Fastened,1,2.6,1,0.35,0,normal
TEL-6ad6e454,MSN-15dc4724,EXC-106,OP-1006,2026-09-02T21:25:23,5764.4,3.2,21,0.0,Fastened,1,2.4,1,0.35,0,normal
TEL-5fa6f51d,MSN-15dc4724,EXC-106,OP-1006,2026-09-02T21:38:05,5764.6,4.2,28,0.0,Fastened,1,0.0,0,0.35,0,normal
TEL-f431b190,MSN-40e6170e,EXC-102,OP-1010,2026-09-15T08:00:00,4893.1,1.1,9,0.0,Fastened,1,0.0,0,0.7,0,normal
TEL-994cb0c3,MSN-40e6170e,EXC-102,OP-1010,2026-09-15T08:18:22,4893.3,2.2,18,1.8,Fastened,1,3.2,1,0.7,0,normal
TEL-6f521a07,MSN-40e6170e,EXC-102,OP-1010,2026-09-15T08:36:44,4893.5,3.3,27,1.8,Fastened,1,6.5,1,0.7,0,normal
TEL-422291b4,MSN-40e6170e,EXC-102,OP-1010,2026-09-15T08:55:06,4893.7,4.4,36,1.8,Fastened,1,5.7,1,0.7,0,normal
TEL-62dc2862,MSN-8a072ef6,EXC-104,OP-1008,2026-09-10T04:00:00,2198.9,1.4,6,0.0,Fastened,1,3.3,1,0.35,0,normal
TEL-bfdcdfb8,MSN-8a072ef6,EXC-104,OP-1008,2026-09-10T04:19:58,2199.1,2.8,12,0.0,Fastened,1,0.0,0,0.35,0,normal
TEL-8cd6aca9,MSN-8a072ef6,EXC-104,OP-1008,2026-09-10T04:39:57,2199.3,4.2,18,0.0,Fastened,1,7.0,1,0.35,0,normal
TEL-3af9a23f,MSN-8a072ef6,EXC-104,OP-1008,2026-09-10T04:59:56,2199.5,5.6,24,0.0,Fastened,1,7.8,1,0.35,0,normal
TEL-9899e204,MSN-d4f032f3,EXC-104,OP-1005,2026-09-10T04:00:00,2200.3,2.0,13,0.0,Fastened,1,2.7,1,0.5,0,normal
TEL-1287bbc4,MSN-d4f032f3,EXC-104,OP-1005,2026-09-10T04:31:10,2200.5,4.0,26,0.0,Fastened,1,7.0,1,0.5,0,normal
TEL-6633f27b,MSN-d4f032f3,EXC-104,OP-1005,2026-09-10T05:02:21,2200.7,6.1,39,0.0,Fastened,1,3.6,1,0.5,0,normal
TEL-9cff832b,MSN-d4f032f3,EXC-104,OP-1005,2026-09-10T05:33:32,2200.9,8.1,52,0.0,Fastened,1,5.5,1,0.5,0,normal
TEL-0cb6580a,MSN-6ec48869,DOZ-205,OP-1001,2026-09-17T09:00:00,1127.1,1.3,6,0.0,Fastened,1,8.8,1,0.35,0,normal
TEL-4bdb90ca,MSN-6ec48869,DOZ-205,OP-1001,2026-09-17T09:14:54,1127.3,2.6,12,0.0,Fastened,1,9.0,1,0.35,0,normal
TEL-6e64214a,MSN-6ec48869,DOZ-205,OP-1001,2026-09-17T09:29:49,1127.5,3.9,18,0.0,Fastened,1,7.1,1,0.35,0,normal
TEL-619de9a4,MSN-6ec48869,DOZ-205,OP-1001,2026-09-17T09:44:43,1127.7,5.2,24,0.0,Fastened,1,6.7,1,0.35,0,normal
TEL-7af2fcae,MSN-6a976144,DOZ-201,OP-1001,2026-09-11T15:00:00,244.6,0.8,5,0.0,Fastened,1,6.2,1,0.43,0,normal
TEL-be0df6db,MSN-6a976144,DOZ-201,OP-1001,2026-09-11T15:13:12,244.8,1.6,10,0.0,Fastened,1,2.6,1,0.43,0,normal
TEL-ccb494e0,MSN-6a976144,DOZ-201,OP-1001,2026-09-11T15:26:24,245.0,2.5,15,0.0,Fastened,1,6.3,1,0.43,0,normal
TEL-ab89e9f9,MSN-6a976144,DOZ-201,OP-1001,2026-09-11T15:39:36,245.2,3.3,20,0.0,Fastened,1,0.0,0,0.43,0,normal
TEL-b73fc8ad,MSN-72b862f7,EXC-102,OP-1002,2026-09-06T08:00:00,4894.3,1.2,6,0.0,Fastened,1,5.8,1,0.35,0,normal
TEL-ec49b5e6,MSN-72b862f7,EXC-102,OP-1002,2026-09-06T08:17:18,4894.5,2.5,12,0.0,Fastened,1,5.3,1,0.35,0,normal
TEL-57682327,MSN-72b862f7,EXC-102,OP-1002,2026-09-06T08:34:36,4894.7,3.7,18,0.0,Fastened,1,8.0,1,0.35,0,normal
TEL-18e85956,MSN-72b862f7,EXC-102,OP-1002,2026-09-06T08:51:54,4894.9,4.9,24,0.0,Fastened,1,5.7,1,0.35,0,normal
TEL-6436ec65,MSN-4aa6bb09,EXC-100,OP-1003,2026-09-17T22:00:00,4915.2,1.8,14,0.0,Fastened,1,2.7,1,0.35,0,normal
TEL-87976d5b,MSN-4aa6bb09,EXC-100,OP-1003,2026-09-17T22:26:43,4915.4,3.6,28,0.0,Fastened,1,2.3,1,0.35,0,normal
TEL-4d881a31,MSN-4aa6bb09,EXC-100,OP-1003,2026-09-17T22:53:26,4915.6,5.4,42,0.0,Fastened,1,0.0,0,0.35,0,normal
TEL-ffbfb1bc,MSN-4aa6bb09,EXC-100,OP-1003,2026-09-17T23:20:10,4915.8,7.2,56,0.0,Fastened,1,2.2,1,0.35,0,normal
TEL-be6071d4,MSN-c00c5059,EXC-104,OP-1009,2026-09-09T04:00:00,2202.3,1.0,5,0.0,Fastened,1,4.6,1,0.39,0,normal
TEL-5f4d0d04,MSN-c00c5059,EXC-104,OP-1009,2026-09-09T04:12:56,2202.5,2.0,10,0.0,Fastened,1,7.8,1,0.39,0,normal
TEL-ee854e41,MSN-c00c5059,EXC-104,OP-1009,2026-09-09T04:25:53,2202.7,3.0,15,0.0,Fastened,1,2.3,1,0.39,0,normal
TEL-d36c6d95,MSN-c00c5059,EXC-104,OP-1009,2026-09-09T04:38:50,2202.9,4.0,20,0.0,Fastened,1,4.1,1,0.39,0,normal
TEL-198c6034,MSN-a59150e9,DOZ-203,OP-1004,2026-09-13T12:00:00,4262.3,1.0,7,0.0,Fastened,1,6.2,1,0.51,0,normal
TEL-faf814ce,MSN-a59150e9,DOZ-203,OP-1004,2026-09-13T12:13:53,4262.5,1.9,14,0.0,Fastened,1,0.0,0,0.51,0,normal
TEL-9f63c9ab,MSN-a59150e9,DOZ-203,OP-1004,2026-09-13T12:27:46,4262.7,2.9,21,0.0,Fastened,1,9.0,1,0.51,0,normal
TEL-af0bdefc,MSN-a59150e9,DOZ-203,OP-1004,2026-09-13T12:41:39,4262.9,3.9,28,0.0,Fastened,1,0.0,0,0.51,0,normal
TEL-1a00eb4a,MSN-afc69903,EXC-104,OP-1007,2026-09-11T00:00:00,2203.2,1.8,13,0.0,Fastened,1,7.8,1,0.47,0,normal
TEL-6c0166b7,MSN-afc69903,EXC-104,OP-1007,2026-09-11T00:26:53,2203.4,3.5,26,0.0,Fastened,1,3.9,1,0.47,0,normal
TEL-5590bdb8,MSN-afc69903,EXC-104,OP-1007,2026-09-11T00:53:46,2203.6,5.3,39,0.0,Fastened,1,5.9,1,0.47,0,normal
TEL-63346059,MSN-afc69903,EXC-104,OP-1007,2026-09-11T01:20:40,2203.8,7.1,52,0.0,Fastened,1,0.0,0,0.47,0,normal
TEL-67ccff9a,MSN-a6ce9372,DOZ-203,OP-1010,2026-09-06T20:00:00,4263.2,0.5,7,0.0,Fastened,1,4.4,1,0.61,0,normal
TEL-07ed60e0,MSN-a6ce9372,DOZ-203,OP-1010,2026-09-06T20:11:50,4263.4,0.9,14,4.4,Fastened,1,0.0,0,0.61,0,normal
TEL-c5c09643,MSN-a6ce9372,DOZ-203,OP-1010,2026-09-06T20:23:41,4263.6,1.4,21,4.4,Fastened,1,0.0,0,0.61,0,normal
TEL-9d9215f1,MSN-a6ce9372,DOZ-203,OP-1010,2026-09-06T20:35:31,4263.8,1.9,28,4.4,Fastened,1,0.0,0,0.61,0,normal
TEL-cf535b8f,MSN-c0998952,EXC-100,OP-1009,2026-09-12T21:00:00,4917.0,0.6,7,0.0,Fastened,1,3.0,1,0.35,0,normal
TEL-d3cb55d4,MSN-c0998952,EXC-100,OP-1009,2026-09-12T21:10:59,4917.2,1.2,14,0.0,Fastened,1,5.3,1,0.35,0,normal
TEL-ceebec94,MSN-c0998952,EXC-100,OP-1009,2026-09-12T21:21:58,4917.4,1.9,21,0.0,Fastened,1,5.8,1,0.35,0,normal
TEL-c6a9971e,MSN-c0998952,EXC-100,OP-1009,2026-09-12T21:32:57,4917.6,2.5,28,0.0,Fastened,1,4.8,1,0.35,0,normal
TEL-a47fbf01,MSN-6c3e070c,DOZ-203,OP-1010,2026-09-06T13:00:00,4264.0,1.0,7,0.0,Fastened,1,5.1,1,0.52,0,normal
TEL-906f6f71,MSN-6c3e070c,DOZ-203,OP-1010,2026-09-06T13:12:17,4264.2,2.0,14,0.0,Fastened,1,0.0,0,0.52,0,normal
TEL-0c4c4d5c,MSN-6c3e070c,DOZ-203,OP-1010,2026-09-06T13:24:35,4264.4,3.1,21,0.0,Fastened,1,3.1,1,0.52,0,normal
TEL-11a834b7,MSN-6c3e070c,DOZ-203,OP-1010,2026-09-06T13:36:53,4264.6,4.1,28,0.0,Fastened,1,2.6,1,0.52,0,normal
TEL-89ef2a4b,MSN-a1b17acd,EXC-104,OP-1002,2026-09-11T10:00:00,2205.0,0.5,4,0.0,Fastened,1,5.3,1,0.4,0,normal
TEL-ab0bf465,MSN-a1b17acd,EXC-104,OP-1002,2026-09-11T10:07:48,2205.2,1.1,8,0.0,Unfastened,1,0.0,0,0.4,0,normal
TEL-6ecfeb85,MSN-a1b17acd,EXC-104,OP-1002,2026-09-11T10:15:37,2205.4,1.6,12,0.0,Fastened,1,6.6,1,0.4,0,normal
TEL-ac6e699b,MSN-a1b17acd,EXC-104,OP-1002,2026-09-11T10:23:25,2205.6,2.1,16,0.0,Fastened,1,0.0,0,0.4,0,normal
TEL-9f18fca4,MSN-17bab94c,DOZ-201,OP-1007,2026-09-11T17:00:00,245.4,0.7,7,0.0,Fastened,1,4.4,1,0.37,0,normal
TEL-5683a81d,MSN-17bab94c,DOZ-201,OP-1007,2026-09-11T17:10:37,245.6,1.4,14,0.0,Fastened,1,6.4,1,0.37,0,normal
TEL-110d4500,MSN-17bab94c,DOZ-201,OP-1007,2026-09-11T17:21:14,245.8,2.1,21,0.0,Fastened,1,8.8,1,0.37,0,normal
TEL-72e3fa06,MSN-17bab94c,DOZ-201,OP-1007,2026-09-11T17:31:51,246.0,2.8,28,0.0,Fastened,1,7.7,1,0.37,0,normal
TEL-11ef44f4,MSN-6b96f136,EXC-106,OP-1006,2026-09-03T05:00:00,5764.8,0.7,4,0.0,Fastened,1,0.0,0,0.35,0,normal
TEL-360a0849,MSN-6b96f136,EXC-106,OP-1006,2026-09-03T05:08:15,5765.0,1.4,8,0.0,Fastened,1,6.9,1,0.35,0,normal
TEL-3491817f,MSN-6b96f136,EXC-106,OP-1006,2026-09-03T05:16:30,5765.2,2.0,12,0.0,Fastened,1,9.0,1,0.35,0,normal
TEL-1730488f,MSN-6b96f136,EXC-106,OP-1006,2026-09-03T05:24:45,5765.4,2.7,16,0.0,Fastened,1,0.0,0,0.35,0,normal
TEL-eb162a17,MSN-ffabaf6f,EXC-102,OP-1002,2026-09-04T11:00:00,4895.5,1.8,13,0.0,Fastened,1,3.3,1,0.62,0,normal
TEL-d14bc381,MSN-ffabaf6f,EXC-102,OP-1002,2026-09-04T11:28:05,4895.7,3.6,26,0.0,Fastened,1,6.3,1,0.62,0,normal
TEL-1d965ea4,MSN-ffabaf6f,EXC-102,OP-1002,2026-09-04T11:56:10,4895.9,5.4,39,0.0,Fastened,1,6.0,1,0.62,0,normal
TEL-8ac3a5aa,MSN-ffabaf6f,EXC-102,OP-1002,2026-09-04T12:24:16,4896.1,7.2,52,0.0,Fastened,1,3.6,1,0.62,0,normal
TEL-70c743cc,MSN-0d919364,EXC-102,OP-1006,2026-09-11T20:00:00,4897.3,1.7,21,0.0,Fastened,1,8.7,1,0.49,0,normal
TEL-1d726ebd,MSN-0d919364,EXC-102,OP-1006,2026-09-11T20:27:03,4897.5,3.5,42,0.0,Fastened,1,6.3,1,0.49,0,normal
TEL-f05cc099,MSN-0d919364,EXC-102,OP-1006,2026-09-11T20:54:07,4897.7,5.2,63,0.0,Fastened,1,8.1,1,0.49,0,normal
TEL-16699e06,MSN-0d919364,EXC-102,OP-1006,2026-09-11T21:21:11,4897.9,6.9,84,0.0,Fastened,1,0.0,0,0.49,0,normal
TEL-2789a5a6,MSN-8227dbfb,EXC-100,OP-1010,2026-09-11T00:00:00,4917.7,0.9,8,0.0,Fastened,1,8.2,1,0.46,0,normal
TEL-324a9aa2,MSN-8227dbfb,EXC-100,OP-1010,2026-09-11T00:11:04,4917.9,1.9,16,0.0,Fastened,1,4.0,1,0.46,0,normal
TEL-36452d5d,MSN-8227dbfb,EXC-100,OP-1010,2026-09-11T00:22:09,4918.1,2.8,24,0.0,Fastened,1,4.1,1,0.46,0,normal
TEL-f833e346,MSN-8227dbfb,EXC-100,OP-1010,2026-09-11T00:33:14,4918.3,3.8,32,0.0,Fastened,1,0.0,0,0.46,0,normal
TEL-3f0ec856,MSN-e7c4924f,DOZ-201,OP-1009,2026-09-17T23:00:00,246.1,0.9,6,0.0,Fastened,1,6.5,1,0.35,0,normal
TEL-811cd267,MSN-e7c4924f,DOZ-201,OP-1009,2026-09-17T23:11:55,246.3,1.9,12,0.0,Fastened,1,3.1,1,0.35,0,normal
TEL-239e93db,MSN-e7c4924f,DOZ-201,OP-1009,2026-09-17T23:23:51,246.5,2.8,18,0.0,Fastened,1,2.6,1,0.35,0,normal
TEL-acf2aab2,MSN-e7c4924f,DOZ-201,OP-1009,2026-09-17T23:35:47,246.7,3.8,24,0.0,Fastened,1,6.4,1,0.35,0,normal
TEL-80cc1717,MSN-cda63438,DOZ-205,OP-1003,2026-09-04T20:00:00,1128.1,0.6,8,0.0,Fastened,1,3.8,1,0.42,0,normal
TEL-8a3c01dc,MSN-cda63438,DOZ-205,OP-1003,2026-09-04T20:09:55,1128.3,1.2,16,0.0,Fastened,1,8.0,1,0.42,0,normal
TEL-b1f0d47a,MSN-cda63438,DOZ-205,OP-1003,2026-09-04T20:19:51,1128.5,1.9,24,0.0,Fastened,1,2.0,1,0.42,0,normal
TEL-c1cb58fc,MSN-cda63438,DOZ-205,OP-1003,2026-09-04T20:29:47,1128.7,2.5,32,0.0,Fastened,1,0.0,0,0.42,0,normal
TEL-c587f79e,MSN-0fef9c5f,EXC-100,OP-1010,2026-09-13T01:00:00,4918.5,0.7,4,0.0,Fastened,1,2.6,1,0.43,0,normal
TEL-354ecef0,MSN-0fef9c5f,EXC-100,OP-1010,2026-09-13T01:08:34,4918.7,1.4,8,0.0,Fastened,1,9.0,1,0.43,0,normal
TEL-4ed25615,MSN-0fef9c5f,EXC-100,OP-1010,2026-09-13T01:17:09,4918.9,2.2,12,0.0,Fastened,1,4.0,1,0.43,0,normal
TEL-0becbe1c,MSN-0fef9c5f,EXC-100,OP-1010,2026-09-13T01:25:44,4919.1,2.9,16,0.0,Fastened,1,6.9,1,0.43,0,normal
TEL-f40a5629,MSN-11a3719b,EXC-104,OP-1002,2026-09-09T05:00:00,2205.5,0.9,3,0.0,Fastened,1,6.8,1,0.35,0,normal
TEL-4b7448c1,MSN-11a3719b,EXC-104,OP-1002,2026-09-09T05:11:45,2205.7,1.8,6,0.0,Fastened,1,0.0,0,0.35,0,normal
TEL-10f0bb75,MSN-11a3719b,EXC-104,OP-1002,2026-09-09T05:23:30,2205.9,2.6,9,0.0,Fastened,1,6.3,1,0.35,0,normal
TEL-c695db19,MSN-11a3719b,EXC-104,OP-1002,2026-09-09T05:35:15,2206.1,3.5,12,0.0,Fastened,1,5.7,1,0.35,0,normal
TEL-a45f1893,MSN-38d50941,DOZ-207,OP-1008,2026-09-14T09:00:00,2173.1,0.8,9,0.0,Fastened,1,7.6,1,0.35,0,normal
TEL-37b7a266,MSN-38d50941,DOZ-207,OP-1008,2026-09-14T09:12:09,2173.3,1.6,18,0.0,Fastened,1,6.5,1,0.35,0,normal
TEL-d14ec869,MSN-38d50941,DOZ-207,OP-1008,2026-09-14T09:24:19,2173.5,2.5,27,0.0,Fastened,1,3.8,1,0.35,0,normal
TEL-63a915b2,MSN-38d50941,DOZ-207,OP-1008,2026-09-14T09:36:29,2173.7,3.3,36,0.0,Fastened,1,4.1,1,0.35,0,normal
TEL-0aa9bf39,MSN-d335f1b0,EXC-100,OP-1010,2026-09-05T12:00:00,4919.1,0.6,5,0.0,Fastened,1,5.9,1,0.63,0,normal
TEL-b14a2a1e,MSN-d335f1b0,EXC-100,OP-1010,2026-09-05T12:07:05,4919.3,1.2,10,0.0,Fastened,1,6.0,1,0.63,0,normal
TEL-e3a0cfe8,MSN-d335f1b0,EXC-100,OP-1010,2026-09-05T12:14:10,4919.5,1.8,15,0.0,Fastened,1,0.0,0,0.63,0,normal
TEL-2522823a,MSN-d335f1b0,EXC-100,OP-1010,2026-09-05T12:21:16,4919.7,2.4,20,0.0,Fastened,1,2.5,1,0.63,0,normal
TEL-9b8c80fa,MSN-9191b1f2,EXC-106,OP-1010,2026-09-14T01:00:00,5765.4,2.2,17,0.0,Fastened,1,7.5,1,0.35,0,normal
TEL-b0e0c8c0,MSN-9191b1f2,EXC-106,OP-1010,2026-09-14T01:34:44,5765.6,4.4,34,0.0,Fastened,1,8.4,1,0.35,0,normal
TEL-7bf3a59a,MSN-9191b1f2,EXC-106,OP-1010,2026-09-14T02:09:28,5765.8,6.6,51,0.0,Fastened,1,2.2,1,0.35,0,normal
TEL-e30410e6,MSN-9191b1f2,EXC-106,OP-1010,2026-09-14T02:44:13,5766.0,8.8,68,0.0,Fastened,1,5.5,1,0.35,0,normal
TEL-680f0f06,MSN-99719ee5,EXC-102,OP-1002,2026-09-16T19:00:00,4899.2,1.3,9,0.0,Fastened,1,3.9,1,0.35,0,normal
TEL-c86f07df,MSN-99719ee5,EXC-102,OP-1002,2026-09-16T19:18:33,4899.4,2.6,18,3.2,Unfastened,1,5.1,1,0.35,1,suspicious
TEL-bb06153e,MSN-99719ee5,EXC-102,OP-1002,2026-09-16T19:37:06,4899.6,3.9,27,3.2,Fastened,1,2.1,1,0.35,0,normal
TEL-7882a47c,MSN-99719ee5,EXC-102,OP-1002,2026-09-16T19:55:40,4899.8,5.2,36,3.2,Fastened,1,5.6,1,0.35,0,normal
TEL-e916c4e5,MSN-360931dd,DOZ-201,OP-1003,2026-09-14T10:00:00,246.9,0.8,3,0.0,Fastened,1,8.5,1,0.46,0,normal
TEL-87961e51,MSN-360931dd,DOZ-201,OP-1003,2026-09-14T10:11:37,247.1,1.6,6,3.0,Unfastened,1,6.0,1,0.46,0,normal
TEL-5354bd54,MSN-360931dd,DOZ-201,OP-1003,2026-09-14T10:23:14,247.3,2.5,9,3.0,Fastened,1,2.7,1,0.46,0,normal
TEL-ee0004a3,MSN-360931dd,DOZ-201,OP-1003,2026-09-14T10:34:51,247.5,3.3,12,3.0,Fastened,1,6.5,1,0.46,0,normal
TEL-3c337e50,MSN-ed69f325,EXC-106,OP-1006,2026-09-16T07:00:00,5767.7,1.7,13,0.0,Fastened,1,5.6,1,0.51,0,normal
TEL-726c1646,MSN-ed69f325,EXC-106,OP-1006,2026-09-16T07:26:20,5767.9,3.4,26,0.0,Fastened,1,7.0,1,0.51,0,normal
TEL-d90dd742,MSN-ed69f325,EXC-106,OP-1006,2026-09-16T07:52:41,5768.1,5.1,39,0.0,Fastened,1,5.9,1,0.51,0,normal
TEL-3e5c3bf3,MSN-ed69f325,EXC-106,OP-1006,2026-09-16T08:19:02,5768.3,6.8,52,0.0,Fastened,1,4.1,1,0.51,0,normal
TEL-c9ff5811,MSN-955cfe2e,EXC-106,OP-1008,2026-09-08T15:00:00,5769.4,1.7,13,0.0,Fastened,1,0.0,0,0.5,0,normal
TEL-b1241b7d,MSN-955cfe2e,EXC-106,OP-1008,2026-09-08T15:24:03,5769.6,3.5,26,0.0,Fastened,1,6.2,1,0.5,0,normal
TEL-c9b906f1,MSN-955cfe2e,EXC-106,OP-1008,2026-09-08T15:48:06,5769.8,5.2,39,0.0,Fastened,1,2.7,1,0.5,0,normal
TEL-8c9d7fb1,MSN-955cfe2e,EXC-106,OP-1008,2026-09-08T16:12:10,5770.0,6.9,52,0.0,Fastened,1,4.2,1,0.5,0,normal
TEL-c42e56e5,MSN-e6b416f0,EXC-100,OP-1003,2026-09-15T11:00:00,4919.5,1.3,11,0.0,Fastened,1,0.0,0,0.35,0,normal
TEL-b3e2a57d,MSN-e6b416f0,EXC-100,OP-1003,2026-09-15T11:17:57,4919.7,2.6,22,0.0,Unfastened,1,0.0,0,0.35,0,normal
TEL-bf04fc6e,MSN-e6b416f0,EXC-100,OP-1003,2026-09-15T11:35:55,4919.9,3.9,33,0.0,Fastened,1,0.0,0,0.35,0,normal
TEL-9c92d22b,MSN-e6b416f0,EXC-100,OP-1003,2026-09-15T11:53:53,4920.1,5.2,44,0.0,Fastened,1,0.0,0,0.35,0,normal
TEL-90385739,MSN-19afccaa,EXC-106,OP-1004,2026-09-14T17:00:00,5771.0,0.6,5,0.0,Fastened,1,7.0,1,0.35,0,normal
TEL-27ae40a5,MSN-19afccaa,EXC-106,OP-1004,2026-09-14T17:09:44,5771.2,1.1,10,0.0,Fastened,1,5.1,1,0.35,0,normal
TEL-ff98d7af,MSN-19afccaa,EXC-106,OP-1004,2026-09-14T17:19:29,5771.4,1.7,15,0.0,Fastened,1,6.5,1,0.35,0,normal
TEL-47169550,MSN-19afccaa,EXC-106,OP-1004,2026-09-14T17:29:14,5771.6,2.2,20,0.0,Fastened,1,5.2,1,0.35,0,normal
TEL-c2728d0e,MSN-93147c77,DOZ-207,OP-1009,2026-09-08T22:00:00,2173.9,0.7,8,0.0,Fastened,1,4.6,1,0.35,0,normal
TEL-87a97513,MSN-93147c77,DOZ-207,OP-1009,2026-09-08T22:11:55,2174.1,1.4,16,0.0,Fastened,1,8.7,1,0.35,0,normal
TEL-3d4767f2,MSN-93147c77,DOZ-207,OP-1009,2026-09-08T22:23:50,2174.3,2.0,24,0.0,Fastened,1,7.1,1,0.35,0,normal
TEL-ebb75f39,MSN-93147c77,DOZ-207,OP-1009,2026-09-08T22:35:45,2174.5,2.7,32,0.0,Fastened,1,8.0,1,0.35,0,normal
TEL-fe9e097e,MSN-b2c8195d,DOZ-201,OP-1008,2026-09-14T10:00:00,247.7,1.8,17,0.0,Fastened,1,8.5,1,0.52,0,normal
TEL-70fe55ce,MSN-b2c8195d,DOZ-201,OP-1008,2026-09-14T10:24:43,247.9,3.5,34,0.0,Fastened,1,7.1,1,0.52,0,normal
TEL-acdc0a1a,MSN-b2c8195d,DOZ-201,OP-1008,2026-09-14T10:49:26,248.1,5.2,51,0.0,Fastened,1,2.4,1,0.52,0,normal
TEL-11cef2a4,MSN-b2c8195d,DOZ-201,OP-1008,2026-09-14T11:14:09,248.3,7.0,68,0.0,Fastened,1,3.2,1,0.52,0,normal
TEL-b47f0fc1,MSN-e8150a73,EXC-104,OP-1002,2026-09-04T04:00:00,2206.3,1.4,13,0.0,Fastened,1,3.0,1,0.35,0,normal
TEL-e45e1f9f,MSN-e8150a73,EXC-104,OP-1002,2026-09-04T04:19:21,2206.5,2.9,26,0.0,Fastened,1,0.0,0,0.35,0,normal
TEL-6239e71a,MSN-e8150a73,EXC-104,OP-1002,2026-09-04T04:38:42,2206.7,4.3,39,0.0,Fastened,1,9.0,1,0.35,0,normal
TEL-c811d0c5,MSN-e8150a73,EXC-104,OP-1002,2026-09-04T04:58:03,2206.9,5.8,52,0.0,Fastened,1,3.7,1,0.35,0,normal
TEL-7fa179ef,MSN-d4ce9185,DOZ-201,OP-1005,2026-09-04T22:00:00,249.4,0.6,5,0.0,Fastened,1,8.7,1,0.82,0,normal
TEL-0ef38f83,MSN-d4ce9185,DOZ-201,OP-1005,2026-09-04T22:08:41,249.6,1.1,10,0.0,Fastened,1,5.7,1,0.82,0,normal
TEL-3c072197,MSN-d4ce9185,DOZ-201,OP-1005,2026-09-04T22:17:22,249.8,1.7,15,0.0,Fastened,1,0.0,0,0.82,0,normal
TEL-56d0d695,MSN-d4ce9185,DOZ-201,OP-1005,2026-09-04T22:26:03,250.0,2.2,20,0.0,Fastened,1,6.6,1,0.82,0,normal
TEL-81d35835,MSN-6d998579,DOZ-203,OP-1004,2026-09-15T19:00:00,4264.8,1.7,14,0.0,Fastened,1,2.2,1,0.41,0,normal
TEL-2e5bb4ef,MSN-6d998579,DOZ-203,OP-1004,2026-09-15T19:25:35,4265.0,3.4,28,0.0,Fastened,1,8.6,1,0.41,0,normal
TEL-a588100b,MSN-6d998579,DOZ-203,OP-1004,2026-09-15T19:51:10,4265.2,5.0,42,0.0,Fastened,1,7.8,1,0.41,0,normal
TEL-d2891a1c,MSN-6d998579,DOZ-203,OP-1004,2026-09-15T20:16:45,4265.4,6.7,56,0.0,Fastened,1,0.0,0,0.41,0,normal
TEL-c08a4ffb,MSN-464356df,EXC-102,OP-1010,2026-09-16T05:00:00,4900.4,1.7,21,0.0,Fastened,1,3.9,1,0.58,0,normal
TEL-6b950093,MSN-464356df,EXC-102,OP-1010,2026-09-16T05:23:54,4900.6,3.5,42,0.0,Fastened,1,4.7,1,0.58,0,normal
TEL-5a82964f,MSN-464356df,EXC-102,OP-1010,2026-09-16T05:47:49,4900.8,5.2,63,0.0,Fastened,1,0.0,0,0.58,0,normal
TEL-1d01c09d,MSN-464356df,EXC-102,OP-1010,2026-09-16T06:11:43,4901.0,6.9,84,0.0,Fastened,1,7.7,1,0.58,0,normal
TEL-f806434b,MSN-910b39a5,EXC-102,OP-1002,2026-09-06T00:00:00,4902.0,0.9,5,0.0,Fastened,1,0.0,0,0.6,0,normal
TEL-8d46ac97,MSN-910b39a5,EXC-102,OP-1002,2026-09-06T00:13:45,4902.2,1.8,10,0.0,Fastened,1,5.6,1,0.6,0,normal
TEL-150dbb54,MSN-910b39a5,EXC-102,OP-1002,2026-09-06T00:27:31,4902.4,2.6,15,0.0,Fastened,1,5.1,1,0.6,0,normal
TEL-03d4e960,MSN-910b39a5,EXC-102,OP-1002,2026-09-06T00:41:17,4902.6,3.5,20,0.0,Fastened,1,0.0,0,0.6,0,normal
TEL-b19d9272,MSN-dc72f462,DOZ-205,OP-1009,2026-09-15T22:00:00,1128.8,0.7,8,0.0,Fastened,1,8.8,1,0.35,0,normal
TEL-f70a9e3f,MSN-dc72f462,DOZ-205,OP-1009,2026-09-15T22:11:13,1129.0,1.4,16,0.0,Fastened,1,4.1,1,0.35,0,normal
TEL-f8ea5fc6,MSN-dc72f462,DOZ-205,OP-1009,2026-09-15T22:22:27,1129.2,2.1,24,0.0,Fastened,1,2.7,1,0.35,0,normal
TEL-9f355f08,MSN-dc72f462,DOZ-205,OP-1009,2026-09-15T22:33:41,1129.4,2.8,32,0.0,Fastened,1,5.4,1,0.35,0,normal
TEL-d1545b45,MSN-17e52e09,DOZ-203,OP-1010,2026-09-09T16:00:00,4266.5,0.8,6,0.0,Fastened,1,0.0,0,0.53,0,normal
TEL-cb69a60f,MSN-17e52e09,DOZ-203,OP-1010,2026-09-09T16:13:20,4266.7,1.7,12,1.9,Fastened,1,7.2,1,0.53,0,normal
TEL-7ccec7a3,MSN-17e52e09,DOZ-203,OP-1010,2026-09-09T16:26:40,4266.9,2.5,18,1.9,Fastened,1,7.1,1,0.53,0,normal
TEL-c29e2530,MSN-17e52e09,DOZ-203,OP-1010,2026-09-09T16:40:00,4267.1,3.4,24,1.9,Fastened,1,2.1,1,0.53,0,normal
TEL-83c104ff,MSN-801bc0ee,EXC-104,OP-1001,2026-09-11T02:00:00,2207.6,0.8,6,0.0,Fastened,1,7.3,1,0.45,0,normal
TEL-166e2adb,MSN-801bc0ee,EXC-104,OP-1001,2026-09-11T02:15:13,2207.8,1.6,12,2.3,Fastened,1,4.3,1,0.45,0,normal
TEL-c0b6c805,MSN-801bc0ee,EXC-104,OP-1001,2026-09-11T02:30:26,2208.0,2.5,18,2.3,Fastened,1,4.9,1,0.45,0,normal
TEL-15fdac88,MSN-801bc0ee,EXC-104,OP-1001,2026-09-11T02:45:39,2208.2,3.3,24,2.3,Fastened,1,5.9,1,0.45,0,normal
TEL-d6b1aece,MSN-237993da,EXC-100,OP-1003,2026-09-03T02:00:00,4920.7,1.7,13,0.0,Fastened,1,4.9,1,0.35,0,normal
TEL-5c3b419e,MSN-237993da,EXC-100,OP-1003,2026-09-03T02:26:06,4920.9,3.4,26,0.0,Fastened,1,0.0,0,0.35,0,normal
TEL-aa245029,MSN-237993da,EXC-100,OP-1003,2026-09-03T02:52:13,4921.1,5.0,39,0.0,Fastened,1,2.3,1,0.35,0,normal
TEL-6b9a312c,MSN-237993da,EXC-100,OP-1003,2026-09-03T03:18:19,4921.3,6.7,52,0.0,Fastened,1,5.5,1,0.35,0,normal
TEL-ab1c5ee5,MSN-bb563414,DOZ-201,OP-1004,2026-09-14T13:00:00,249.9,1.1,11,0.0,Fastened,1,3.8,1,0.55,0,normal
TEL-5a0749df,MSN-bb563414,DOZ-201,OP-1004,2026-09-14T13:22:10,250.1,2.2,22,4.3,Fastened,1,8.2,1,0.55,0,normal
TEL-4e94a91c,MSN-bb563414,DOZ-201,OP-1004,2026-09-14T13:44:21,250.3,3.3,33,4.3,Fastened,1,2.4,1,0.55,0,normal
TEL-ac68a800,MSN-bb563414,DOZ-201,OP-1004,2026-09-14T14:06:32,250.5,4.4,44,4.3,Fastened,1,3.1,1,0.55,0,normal
TEL-a7e1c33e,MSN-6123c11e,EXC-106,OP-1006,2026-09-17T07:00:00,5771.7,0.8,6,0.0,Fastened,1,0.0,0,0.35,0,normal
TEL-ceef80fa,MSN-6123c11e,EXC-106,OP-1006,2026-09-17T07:10:44,5771.9,1.6,12,0.0,Fastened,1,8.5,1,0.35,0,normal
TEL-8bd01517,MSN-6123c11e,EXC-106,OP-1006,2026-09-17T07:21:29,5772.1,2.4,18,0.0,Fastened,1,4.7,1,0.35,0,normal
TEL-aa6cc62d,MSN-6123c11e,EXC-106,OP-1006,2026-09-17T07:32:13,5772.3,3.2,24,0.0,Fastened,1,7.0,1,0.35,0,normal
TEL-cdb80e38,MSN-b5556626,EXC-104,OP-1001,2026-09-03T17:00:00,2208.6,2.2,8,0.0,Fastened,1,0.0,0,0.35,0,normal
TEL-d0ffb4c4,MSN-b5556626,EXC-104,OP-1001,2026-09-03T17:29:07,2208.8,4.4,16,0.0,Fastened,1,7.1,1,0.35,0,normal
TEL-2f2f3d6e,MSN-b5556626,EXC-104,OP-1001,2026-09-03T17:58:15,2209.0,6.6,24,0.0,Fastened,1,4.3,1,0.35,0,normal
TEL-a3a4931b,MSN-b5556626,EXC-104,OP-1001,2026-09-03T18:27:22,2209.2,8.8,32,0.0,Fastened,1,8.2,1,0.35,0,normal
TEL-2706355b,MSN-21d89a15,EXC-100,OP-1008,2026-09-12T16:00:00,4922.5,1.0,8,0.0,Fastened,1,6.9,1,0.4,0,normal
TEL-a8e52d64,MSN-21d89a15,EXC-100,OP-1008,2026-09-12T16:17:05,4922.7,2.0,16,0.0,Fastened,1,0.0,0,0.4,0,normal
TEL-fa6ad0f1,MSN-21d89a15,EXC-100,OP-1008,2026-09-12T16:34:10,4922.9,3.1,24,0.0,Fastened,1,5.2,1,0.4,0,normal
TEL-5a0c5268,MSN-21d89a15,EXC-100,OP-1008,2026-09-12T16:51:16,4923.1,4.1,32,0.0,Fastened,1,8.1,1,0.4,0,normal
TEL-d2f312b2,MSN-a18b53df,EXC-106,OP-1002,2026-09-12T16:00:00,5772.4,1.3,9,0.0,Fastened,1,5.9,1,0.35,0,normal
TEL-e030f221,MSN-a18b53df,EXC-106,OP-1002,2026-09-12T16:17:47,5772.6,2.6,18,0.0,Fastened,1,7.0,1,0.35,0,normal
TEL-ab3a9ddc,MSN-a18b53df,EXC-106,OP-1002,2026-09-12T16:35:34,5772.8,3.9,27,0.0,Fastened,1,0.0,0,0.35,0,normal
TEL-fc028941,MSN-a18b53df,EXC-106,OP-1002,2026-09-12T16:53:22,5773.0,5.2,36,0.0,Fastened,1,2.8,1,0.35,0,normal
TEL-83ae1f03,MSN-1e282f39,EXC-106,OP-1005,2026-09-02T12:00:00,5773.6,0.7,8,0.0,Fastened,1,8.7,1,0.51,0,normal
TEL-5243a986,MSN-1e282f39,EXC-106,OP-1005,2026-09-02T12:12:24,5773.8,1.4,16,0.0,Unfastened,1,3.2,1,0.51,0,normal
TEL-38dd38a3,MSN-1e282f39,EXC-106,OP-1005,2026-09-02T12:24:48,5774.0,2.0,24,0.0,Fastened,1,3.1,1,0.51,0,normal
TEL-1b713487,MSN-1e282f39,EXC-106,OP-1005,2026-09-02T12:37:13,5774.2,2.7,32,0.0,Fastened,1,8.7,1,0.51,0,normal
TEL-4bd950eb,MSN-e65776b3,EXC-104,OP-1001,2026-09-02T17:00:00,2210.5,0.9,6,0.0,Fastened,1,5.2,1,0.35,0,normal
TEL-ecddbdc0,MSN-e65776b3,EXC-104,OP-1001,2026-09-02T17:11:12,2210.7,1.8,12,0.0,Fastened,1,8.3,1,0.35,0,normal
TEL-569e8551,MSN-e65776b3,EXC-104,OP-1001,2026-09-02T17:22:25,2210.9,2.6,18,0.0,Fastened,1,7.5,1,0.35,0,normal
TEL-4f5e791c,MSN-e65776b3,EXC-104,OP-1001,2026-09-02T17:33:37,2211.1,3.5,24,0.0,Fastened,1,4.6,1,0.35,0,normal
TEL-b486f7d6,MSN-3ea20715,EXC-102,OP-1010,2026-09-05T06:00:00,4902.9,0.9,4,0.0,Fastened,1,5.1,1,0.35,0,normal
TEL-062783a8,MSN-3ea20715,EXC-102,OP-1010,2026-09-05T06:12:03,4903.1,1.8,8,0.0,Fastened,1,0.0,0,0.35,0,normal
TEL-268f31ac,MSN-3ea20715,EXC-102,OP-1010,2026-09-05T06:24:07,4903.3,2.7,12,0.0,Fastened,1,2.9,1,0.35,0,normal
TEL-5538cc7b,MSN-3ea20715,EXC-102,OP-1010,2026-09-05T06:36:11,4903.5,3.6,16,0.0,Fastened,1,8.5,1,0.35,0,normal
TEL-faa5186f,MSN-5ccad1af,EXC-104,OP-1006,2026-09-07T13:00:00,2211.3,1.8,17,0.0,Fastened,1,3.5,1,0.43,0,normal
TEL-2b58a2cd,MSN-5ccad1af,EXC-104,OP-1006,2026-09-07T13:28:17,2211.5,3.5,34,0.0,Fastened,1,4.3,1,0.43,0,normal
TEL-44e14182,MSN-5ccad1af,EXC-104,OP-1006,2026-09-07T13:56:34,2211.7,5.3,51,0.0,Fastened,1,3.4,1,0.43,0,normal
TEL-270441c1,MSN-5ccad1af,EXC-104,OP-1006,2026-09-07T14:24:51,2211.9,7.1,68,0.0,Fastened,1,7.5,1,0.43,0,normal
TEL-795343a5,MSN-af0f1e4a,EXC-106,OP-1002,2026-09-11T20:00:00,5774.4,0.9,7,0.0,Fastened,1,5.9,1,0.35,0,normal
TEL-a3220d65,MSN-af0f1e4a,EXC-106,OP-1002,2026-09-11T20:12:05,5774.6,1.8,14,0.0,Fastened,1,8.2,1,0.35,0,normal
TEL-18820686,MSN-af0f1e4a,EXC-106,OP-1002,2026-09-11T20:24:11,5774.8,2.6,21,0.0,Fastened,1,4.9,1,0.35,0,normal
TEL-7dff535c,MSN-af0f1e4a,EXC-106,OP-1002,2026-09-11T20:36:16,5775.0,3.5,28,0.0,Fastened,1,3.1,1,0.35,0,normal
TEL-682c2f1e,MSN-f482c446,DOZ-203,OP-1003,2026-09-11T12:00:00,4267.4,2.0,15,0.0,Fastened,1,8.4,1,0.35,0,normal
TEL-e2084163,MSN-f482c446,DOZ-203,OP-1003,2026-09-11T12:30:43,4267.6,4.0,30,0.0,Fastened,1,7.8,1,0.35,0,normal
TEL-74f8789d,MSN-f482c446,DOZ-203,OP-1003,2026-09-11T13:01:26,4267.8,6.1,45,0.0,Fastened,1,5.4,1,0.35,0,normal
TEL-90634caf,MSN-f482c446,DOZ-203,OP-1003,2026-09-11T13:32:09,4268.0,8.1,60,0.0,Fastened,1,0.0,0,0.35,0,normal
TEL-b3ddebb3,MSN-5e8e9bd2,EXC-102,OP-1001,2026-09-07T18:00:00,4903.7,0.7,6,0.0,Fastened,1,0.0,0,0.35,0,normal
TEL-c7b790fb,MSN-5e8e9bd2,EXC-102,OP-1001,2026-09-07T18:10:22,4903.9,1.3,12,0.0,Fastened,1,7.2,1,0.35,0,normal
TEL-6a63c29b,MSN-5e8e9bd2,EXC-102,OP-1001,2026-09-07T18:20:44,4904.1,2.0,18,0.0,Fastened,1,6.0,1,0.35,0,normal
TEL-1833e50c,MSN-5e8e9bd2,EXC-102,OP-1001,2026-09-07T18:31:06,4904.3,2.6,24,0.0,Fastened,1,0.0,0,0.35,0,normal
TEL-0b8b59fe,MSN-256c228e,EXC-102,OP-1005,2026-09-04T11:00:00,4904.4,1.8,12,0.0,Fastened,1,7.4,1,0.35,0,normal
TEL-fb964f1d,MSN-256c228e,EXC-102,OP-1005,2026-09-04T11:25:54,4904.6,3.6,24,0.0,Fastened,1,2.7,1,0.35,0,normal
TEL-ccc47b6c,MSN-256c228e,EXC-102,OP-1005,2026-09-04T11:51:49,4904.8,5.5,36,0.0,Fastened,1,5.8,1,0.35,0,normal
TEL-2d8b223a,MSN-256c228e,EXC-102,OP-1005,2026-09-04T12:17:44,4905.0,7.3,48,0.0,Fastened,1,0.0,0,0.35,0,normal
TEL-87bb23c6,MSN-9e56d545,DOZ-205,OP-1010,2026-09-01T15:00:00,1129.5,0.5,6,0.0,Fastened,1,6.8,1,0.63,0,normal
TEL-fec9c36d,MSN-9e56d545,DOZ-205,OP-1010,2026-09-01T15:07:19,1129.7,0.9,12,0.0,Fastened,1,5.1,1,0.63,0,normal
TEL-97bad839,MSN-9e56d545,DOZ-205,OP-1010,2026-09-01T15:14:38,1129.9,1.4,18,0.0,Fastened,1,8.8,1,0.63,0,normal
TEL-b85356e6,MSN-9e56d545,DOZ-205,OP-1010,2026-09-01T15:21:57,1130.1,1.9,24,0.0,Fastened,1,4.1,1,0.63,0,normal
TEL-ed987e8e,MSN-c12243ce,EXC-102,OP-1005,2026-09-04T03:00:00,4906.1,1.2,11,0.0,Fastened,1,2.9,1,0.46,0,normal
TEL-f5f971cc,MSN-c12243ce,EXC-102,OP-1005,2026-09-04T03:20:11,4906.3,2.4,22,4.3,Fastened,1,6.1,1,0.46,0,normal
TEL-fd6afa02,MSN-c12243ce,EXC-102,OP-1005,2026-09-04T03:40:22,4906.5,3.5,33,4.3,Fastened,1,2.2,1,0.46,0,normal
TEL-ea093c9d,MSN-c12243ce,EXC-102,OP-1005,2026-09-04T04:00:33,4906.7,4.7,44,4.3,Fastened,1,7.2,1,0.46,0,normal
TEL-68445b00,MSN-3a2cab39,DOZ-203,OP-1010,2026-09-03T11:00:00,4269.4,2.7,14,0.0,Fastened,1,6.9,1,0.35,0,normal
TEL-ab8e2412,MSN-3a2cab39,DOZ-203,OP-1010,2026-09-03T11:38:04,4269.6,5.4,28,0.0,Fastened,1,6.7,1,0.35,0,normal
TEL-782ed413,MSN-3a2cab39,DOZ-203,OP-1010,2026-09-03T12:16:08,4269.8,8.1,42,0.0,Fastened,1,7.8,1,0.35,0,normal
TEL-1e612d12,MSN-3a2cab39,DOZ-203,OP-1010,2026-09-03T12:54:13,4270.0,10.8,56,0.0,Fastened,1,0.0,0,0.35,0,normal
TEL-78c47b11,MSN-bfc87ad1,EXC-102,OP-1002,2026-09-17T15:00:00,4907.5,0.5,6,0.0,Fastened,1,0.0,0,0.4,0,normal
TEL-d628280b,MSN-bfc87ad1,EXC-102,OP-1002,2026-09-17T15:09:04,4907.7,1.0,12,0.0,Fastened,1,6.8,1,0.4,0,normal
TEL-29007449,MSN-bfc87ad1,EXC-102,OP-1002,2026-09-17T15:18:09,4907.9,1.5,18,0.0,Fastened,1,0.0,0,0.4,0,normal
TEL-92c8745f,MSN-bfc87ad1,EXC-102,OP-1002,2026-09-17T15:27:14,4908.1,2.0,24,0.0,Fastened,1,2.7,1,0.4,0,normal
TEL-d32f7845,MSN-33e940bd,DOZ-201,OP-1010,2026-09-02T18:00:00,251.4,0.8,5,0.0,Fastened,1,7.6,1,0.47,0,normal
TEL-f633a904,MSN-33e940bd,DOZ-201,OP-1010,2026-09-02T18:10:57,251.6,1.7,10,0.0,Fastened,1,0.0,0,0.47,0,normal
TEL-4f0f0db5,MSN-33e940bd,DOZ-201,OP-1010,2026-09-02T18:21:55,251.8,2.5,15,0.0,Fastened,1,6.7,1,0.47,0,normal
TEL-92cc2889,MSN-33e940bd,DOZ-201,OP-1010,2026-09-02T18:32:53,252.0,3.4,20,0.0,Fastened,1,0.0,0,0.47,0,normal
TEL-4fd183e0,MSN-c0775fab,DOZ-207,OP-1008,2026-09-14T18:00:00,2174.7,1.3,8,0.0,Fastened,1,4.1,1,0.45,0,normal
TEL-bee8ec9b,MSN-c0775fab,DOZ-207,OP-1008,2026-09-14T18:18:14,2174.9,2.5,16,0.0,Fastened,1,5.5,1,0.45,0,normal
TEL-4f35e44f,MSN-c0775fab,DOZ-207,OP-1008,2026-09-14T18:36:28,2175.1,3.8,24,0.0,Fastened,1,0.0,0,0.45,0,normal
TEL-1437ae55,MSN-c0775fab,DOZ-207,OP-1008,2026-09-14T18:54:43,2175.3,5.1,32,0.0,Fastened,1,2.1,1,0.45,0,normal
TEL-3575d6a7,MSN-1917cdbc,DOZ-207,OP-1008,2026-09-02T01:00:00,2175.9,0.8,4,0.0,Fastened,1,4.5,1,0.35,0,normal
TEL-29687359,MSN-1917cdbc,DOZ-207,OP-1008,2026-09-02T01:10:12,2176.1,1.5,8,0.0,Fastened,1,0.0,0,0.35,0,normal
TEL-46481982,MSN-1917cdbc,DOZ-207,OP-1008,2026-09-02T01:20:24,2176.3,2.2,12,0.0,Fastened,1,2.3,1,0.35,0,normal
TEL-93235eb2,MSN-1917cdbc,DOZ-207,OP-1008,2026-09-02T01:30:36,2176.5,3.0,16,0.0,Fastened,1,0.0,0,0.35,0,normal
TEL-c74e70e9,MSN-091b4424,DOZ-205,OP-1007,2026-09-10T03:00:00,1130.0,0.7,6,0.0,Fastened,1,2.1,1,0.35,0,normal
TEL-48a32258,MSN-091b4424,DOZ-205,OP-1007,2026-09-10T03:09:32,1130.2,1.3,12,0.0,Fastened,1,2.2,1,0.35,0,normal
TEL-4855f99f,MSN-091b4424,DOZ-205,OP-1007,2026-09-10T03:19:04,1130.4,2.0,18,0.0,Fastened,1,4.3,1,0.35,0,normal
TEL-8b69a563,MSN-091b4424,DOZ-205,OP-1007,2026-09-10T03:28:37,1130.6,2.6,24,0.0,Fastened,1,5.4,1,0.35,0,normal
TEL-fee248f4,MSN-5b831a21,DOZ-205,OP-1005,2026-09-05T16:00:00,1130.6,0.6,4,0.0,Fastened,1,4.4,1,0.86,0,normal
TEL-eceb0b6f,MSN-5b831a21,DOZ-205,OP-1005,2026-09-05T16:07:39,1130.8,1.2,8,0.0,Fastened,1,7.8,1,0.86,0,normal
TEL-a8feb1fa,MSN-5b831a21,DOZ-205,OP-1005,2026-09-05T16:15:19,1131.0,1.9,12,0.0,Fastened,1,6.6,1,0.86,0,normal
TEL-266a36aa,MSN-5b831a21,DOZ-205,OP-1005,2026-09-05T16:22:59,1131.2,2.5,16,0.0,Fastened,1,4.9,1,0.86,0,normal
TEL-a9a5cb06,MSN-493d6aec,DOZ-207,OP-1010,2026-09-15T11:00:00,2176.6,1.9,18,0.0,Fastened,1,7.2,1,0.35,0,normal
TEL-b19847a3,MSN-493d6aec,DOZ-207,OP-1010,2026-09-15T11:29:12,2176.8,3.9,36,0.0,Fastened,1,7.9,1,0.35,0,normal
TEL-7e015d80,MSN-493d6aec,DOZ-207,OP-1010,2026-09-15T11:58:25,2177.0,5.8,54,0.0,Fastened,1,8.0,1,0.35,0,normal
TEL-b5a2ca25,MSN-493d6aec,DOZ-207,OP-1010,2026-09-15T12:27:37,2177.2,7.8,72,0.0,Fastened,1,0.0,0,0.35,0,normal
TEL-4172a58d,MSN-53dd9b8d,DOZ-203,OP-1010,2026-09-06T11:00:00,4272.0,0.9,7,0.0,Fastened,1,8.0,1,0.52,0,normal
TEL-9189b2fa,MSN-53dd9b8d,DOZ-203,OP-1010,2026-09-06T11:11:13,4272.2,1.9,14,0.0,Fastened,1,0.0,0,0.52,0,normal
TEL-7441f796,MSN-53dd9b8d,DOZ-203,OP-1010,2026-09-06T11:22:26,4272.4,2.8,21,0.0,Fastened,1,8.0,1,0.52,0,normal
TEL-78ca58f8,MSN-53dd9b8d,DOZ-203,OP-1010,2026-09-06T11:33:39,4272.6,3.8,28,0.0,Fastened,1,6.2,1,0.52,0,normal
TEL-e1b1ffda,MSN-a8dde452,DOZ-203,OP-1003,2026-09-13T13:00:00,4272.7,1.4,10,0.0,Fastened,1,0.0,0,0.35,0,normal
TEL-da65e2ac,MSN-a8dde452,DOZ-203,OP-1003,2026-09-13T13:19:22,4272.9,2.9,20,0.0,Fastened,1,2.7,1,0.35,0,normal
TEL-ceb02f49,MSN-a8dde452,DOZ-203,OP-1003,2026-09-13T13:38:44,4273.1,4.3,30,0.0,Fastened,1,4.9,1,0.35,0,normal
TEL-5c589f49,MSN-a8dde452,DOZ-203,OP-1003,2026-09-13T13:58:06,4273.3,5.7,40,0.0,Fastened,1,0.0,0,0.35,0,normal
TEL-efb92989,MSN-d2775799,EXC-104,OP-1004,2026-09-09T02:00:00,2213.2,0.9,4,0.0,Fastened,1,4.7,1,0.51,0,normal
TEL-c4633add,MSN-d2775799,EXC-104,OP-1004,2026-09-09T02:10:04,2213.4,1.9,8,0.0,Fastened,1,6.9,1,0.51,0,normal
TEL-1d17fd07,MSN-d2775799,EXC-104,OP-1004,2026-09-09T02:20:09,2213.6,2.8,12,0.0,Fastened,1,0.0,0,0.51,0,normal
TEL-84d31ad0,MSN-d2775799,EXC-104,OP-1004,2026-09-09T02:30:13,2213.8,3.8,16,0.0,Fastened,1,5.7,1,0.51,0,normal
TEL-7c8c5319,MSN-06abb03c,EXC-104,OP-1005,2026-09-17T12:00:00,2213.8,0.6,5,0.0,Fastened,1,7.2,1,0.42,0,normal
TEL-8e4a65d0,MSN-06abb03c,EXC-104,OP-1005,2026-09-17T12:10:23,2214.0,1.2,10,0.0,Fastened,1,0.0,0,0.42,0,normal
TEL-158651f1,MSN-06abb03c,EXC-104,OP-1005,2026-09-17T12:20:46,2214.2,1.9,15,0.0,Fastened,1,5.0,1,0.42,0,normal
TEL-7db8620b,MSN-06abb03c,EXC-104,OP-1005,2026-09-17T12:31:09,2214.4,2.5,20,0.0,Fastened,1,0.0,0,0.42,0,normal
TEL-fb75d5fe,MSN-9e87bfcc,DOZ-205,OP-1009,2026-09-16T04:00:00,1131.1,0.7,4,0.0,Fastened,1,6.2,1,0.65,0,normal
TEL-16609ed8,MSN-9e87bfcc,DOZ-205,OP-1009,2026-09-16T04:08:55,1131.3,1.4,8,0.0,Fastened,1,8.6,1,0.65,0,normal
TEL-11f065f5,MSN-9e87bfcc,DOZ-205,OP-1009,2026-09-16T04:17:50,1131.5,2.2,12,0.0,Fastened,1,0.0,0,0.65,0,normal
TEL-aa86a4cf,MSN-9e87bfcc,DOZ-205,OP-1009,2026-09-16T04:26:46,1131.7,2.9,16,0.0,Fastened,1,3.2,1,0.65,0,normal
TEL-faa8f6c5,MSN-b2f04f30,EXC-106,OP-1007,2026-09-01T19:00:00,5775.2,0.7,7,0.0,Fastened,1,2.6,1,0.42,0,normal
TEL-9e54f38b,MSN-b2f04f30,EXC-106,OP-1007,2026-09-01T19:09:47,5775.4,1.4,14,0.0,Fastened,1,8.6,1,0.42,0,normal
TEL-dcb1eebe,MSN-b2f04f30,EXC-106,OP-1007,2026-09-01T19:19:35,5775.6,2.2,21,0.0,Fastened,1,7.0,1,0.42,0,normal
TEL-71140ad8,MSN-b2f04f30,EXC-106,OP-1007,2026-09-01T19:29:23,5775.8,2.9,28,0.0,Fastened,1,8.4,1,0.42,0,normal
TEL-be6bbc94,MSN-fe1d7291,EXC-104,OP-1005,2026-09-09T12:00:00,2214.5,0.8,7,0.0,Fastened,1,2.6,1,0.51,0,normal
TEL-b15784cd,MSN-fe1d7291,EXC-104,OP-1005,2026-09-09T12:11:46,2214.7,1.5,14,0.0,Fastened,1,8.1,1,0.51,0,normal
TEL-2cb1a7a9,MSN-fe1d7291,EXC-104,OP-1005,2026-09-09T12:23:32,2214.9,2.2,21,0.0,Fastened,1,3.5,1,0.51,0,normal
TEL-499a5994,MSN-fe1d7291,EXC-104,OP-1005,2026-09-09T12:35:19,2215.1,3.0,28,0.0,Fastened,1,5.0,1,0.51,0,normal
TEL-ef3fa780,MSN-d2ece45d,EXC-100,OP-1006,2026-09-06T18:00:00,4923.6,1.0,10,0.0,Fastened,1,8.8,1,0.35,0,normal
TEL-1177466e,MSN-d2ece45d,EXC-100,OP-1006,2026-09-06T18:16:45,4923.8,2.0,20,2.2,Fastened,1,8.8,1,0.35,0,normal
TEL-08c722b0,MSN-d2ece45d,EXC-100,OP-1006,2026-09-06T18:33:30,4924.0,3.1,30,2.2,Fastened,1,5.0,1,0.35,0,normal
TEL-431a7f82,MSN-d2ece45d,EXC-100,OP-1006,2026-09-06T18:50:16,4924.2,4.1,40,2.2,Fastened,1,0.0,0,0.35,0,normal
TEL-4a5f6f4a,MSN-be63ab79,DOZ-207,OP-1006,2026-09-13T05:00:00,2178.5,0.9,7,0.0,Fastened,1,7.0,1,0.51,0,normal
TEL-bd1e050d,MSN-be63ab79,DOZ-207,OP-1006,2026-09-13T05:11:59,2178.7,1.9,14,0.0,Fastened,1,5.5,1,0.51,0,normal
TEL-50019199,MSN-be63ab79,DOZ-207,OP-1006,2026-09-13T05:23:59,2178.9,2.8,21,0.0,Fastened,1,0.0,0,0.51,0,normal
TEL-467cccb4,MSN-be63ab79,DOZ-207,OP-1006,2026-09-13T05:35:59,2179.1,3.8,28,0.0,Fastened,1,0.0,0,0.51,0,normal
TEL-69542842,MSN-3dcf365e,DOZ-203,OP-1005,2026-09-12T14:00:00,4274.0,1.4,11,0.0,Fastened,1,7.8,1,0.43,0,normal
TEL-2f9373d9,MSN-3dcf365e,DOZ-203,OP-1005,2026-09-12T14:18:16,4274.2,2.7,22,0.0,Fastened,1,5.2,1,0.43,0,normal
TEL-8e07b12c,MSN-3dcf365e,DOZ-203,OP-1005,2026-09-12T14:36:33,4274.4,4.1,33,0.0,Fastened,1,2.0,1,0.43,0,normal
TEL-0e6a819d,MSN-3dcf365e,DOZ-203,OP-1005,2026-09-12T14:54:50,4274.6,5.4,44,0.0,Fastened,1,0.0,0,0.43,0,normal
TEL-4e892c40,MSN-787b76d3,EXC-104,OP-1001,2026-09-02T13:00:00,2215.3,1.9,14,0.0,Fastened,1,6.5,1,0.35,0,normal
TEL-bd628317,MSN-787b76d3,EXC-104,OP-1001,2026-09-02T13:28:01,2215.5,3.8,28,0.0,Fastened,1,0.0,0,0.35,0,normal
TEL-db609f0e,MSN-787b76d3,EXC-104,OP-1001,2026-09-02T13:56:02,2215.7,5.6,42,0.0,Fastened,1,4.1,1,0.35,0,normal
TEL-8a56f4c1,MSN-787b76d3,EXC-104,OP-1001,2026-09-02T14:24:03,2215.9,7.5,56,0.0,Fastened,1,0.0,0,0.35,0,normal
TEL-a55fa222,MSN-41b5f397,DOZ-203,OP-1009,2026-09-10T21:00:00,4275.2,1.9,7,0.0,Fastened,1,6.5,1,0.35,0,normal
TEL-432f7f15,MSN-41b5f397,DOZ-203,OP-1009,2026-09-10T21:26:34,4275.4,3.8,14,0.0,Unfastened,1,5.3,1,0.35,0,normal
TEL-4323e20f,MSN-41b5f397,DOZ-203,OP-1009,2026-09-10T21:53:09,4275.6,5.7,21,0.0,Fastened,1,8.9,1,0.35,0,normal
TEL-f7510f04,MSN-41b5f397,DOZ-203,OP-1009,2026-09-10T22:19:44,4275.8,7.6,28,0.0,Fastened,1,4.1,1,0.35,0,normal
